"sites","date","temp_95","wb_temp_95","heat_index_95","rel_hum_95","temp_max","wb_temp_max","heat_index_max","rel_hum_max","temp_mn","wb_temp_mn","heat_index_mn","rel_hum_mn","temp_05","wb_temp_05","heat_index_05","rel_hum_05","habitat","location"
"Classroom_SMC7",2024-04-13,18.6916666666667,9.51666666666667,15.8277777777778,50.49,19.3333333333333,9.77777777777778,16.7777777777778,53.2,16.1666666666667,8.33618233618234,13.7628205128205,33.0679487179487,12.5138888888889,7.11111111111111,11.0944444444444,26.37,"forest","urban"
"Open_SMO9",2024-04-13,18.7722222222222,9.68333333333333,16.0416666666667,49.09,19.1666666666667,10.3888888888889,16.7222222222222,51.5,16.2200854700855,8.38960113960114,13.8262108262108,33.1717948717949,12.5777777777778,7.09444444444444,11.2361111111111,26.97,"open","urban"
"Overlook_SMO6",2024-04-13,19.7861111111111,10.2944444444444,17.5,51.33,20.3888888888889,10.6111111111111,18.2777777777778,55.5,16.8411680911681,8.8511396011396,14.5512820512821,33.4717948717949,12.6638888888889,7.27777777777778,11.4416666666667,26.185,"open","urban"
"Pool_SMP11",2024-04-13,19.2222222222222,9.88888888888889,16.7222222222222,52.375,19.6111111111111,10.1666666666667,17.3888888888889,55.9,16.0299145299145,8.48148148148148,13.7713675213675,35.1358974358974,12.3861111111111,7.25277777777778,11.1722222222222,27,"forest","urban"
"Classroom_SMC7",2024-04-14,26.6666666666667,14.8888888888889,24.6111111111111,53.54,26.9444444444444,15,24.7777777777778,61.6,21.5814814814815,11.8067901234568,19.6697530864198,31.3133333333333,9.26111111111111,5.32777777777778,8.37777777777778,23.835,"forest","urban"
"Open_SMO9",2024-04-14,26.5305555555556,14.8888888888889,24.45,68.2,26.7222222222222,15,24.6111111111111,69.7,21.1475308641975,11.6283950617284,19.2493827160494,32.8044444444444,7.41388888888889,5,6.93888888888889,24.2,"open","urban"
"Overlook_SMO6",2024-04-14,26.7583333333333,14.7777777777778,24.6722222222222,57.585,27.1666666666667,15,25,60.9,21.391975308642,11.6185185185185,19.4654320987654,31.2622222222222,8.44444444444445,4.82777777777778,7.72222222222222,23.6,"open","urban"
"Pool_SMP11",2024-04-14,27.1666666666667,15.3388888888889,25.2222222222222,70.465,27.4444444444444,15.6666666666667,25.3888888888889,72,20.6012345679012,11.9382716049383,19.016049382716,37.9166666666667,7.46388888888889,5.16666666666667,7.11111111111111,25.99,"forest","urban"
"Classroom_SMC7",2024-04-15,30.475,18.1111111111111,29.0611111111111,78.61,31.5555555555556,18.6111111111111,30.3888888888889,79.8,25.2814814814815,16.3864197530864,24.1641975308642,43.5055555555556,15.4083333333333,13.1361111111111,15.05,26.79,"forest","urban"
"Open_SMO9",2024-04-15,29.8694444444444,17.8888888888889,28.3888888888889,83.955,31.1666666666667,18.8888888888889,30.2222222222222,85.5,24.8993827160494,16.2950617283951,23.8240740740741,44.9077777777778,14.8027777777778,13.1666666666667,14.7472222222222,27.58,"open","urban"
"Overlook_SMO6",2024-04-15,30.7277777777778,18.0111111111111,29.2222222222222,77.91,31.5555555555556,18.5,30.2222222222222,79.6,25.4574074074074,16.3481481481481,24.2950617283951,42.5122222222222,15.4888888888889,13.2166666666667,15.2472222222222,25.98,"open","urban"
"Pool_SMP11",2024-04-15,29.8944444444444,18.2222222222222,28.7777777777778,88.32,30.5555555555556,18.6111111111111,29.3888888888889,88.7,24.3308641975309,16.3407407407407,23.4074074074074,48.2188888888889,14.4694444444444,13.2777777777778,14.5,29.945,"forest","urban"
"Classroom_SMC7",2024-04-16,25.45,13.3888888888889,23.2027777777778,51.725,26.2222222222222,13.7777777777778,23.8888888888889,52.8,19.9861111111111,10.9166666666667,18.0555555555556,32.3273809523809,12.1666666666667,7.27777777777778,10.8888888888889,23.26,"forest","urban"
"Open_SMO9",2024-04-16,25.1972222222222,13.45,22.8888888888889,56.1,25.8888888888889,14.6666666666667,23.8888888888889,58.3,20.0648148148148,11.0827160493827,18.2135802469136,33.3222222222222,11.3527777777778,7.16666666666667,10.3888888888889,23.89,"open","urban"
"Overlook_SMO6",2024-04-16,25.0305555555556,13,22.7027777777778,50.455,26.1666666666667,13.6666666666667,23.7777777777778,51.6,20.6376543209877,11.0086419753086,18.6592592592593,29.9255555555556,12.4444444444444,7.55,11.1111111111111,21.7,"open","urban"
"Pool_SMP11",2024-04-16,24.6222222222222,13.45,22.6722222222222,56.465,25.6666666666667,14.1111111111111,23.5,58.2,19.2604938271605,10.8543209876543,17.470987654321,35.7411111111111,11.1916666666667,7.05,10.1666666666667,26.2,"forest","urban"
"Classroom_SMC7",2024-04-17,19.8638888888889,16.3888888888889,19.5611111111111,90.705,20.1111111111111,16.7222222222222,20,93.3,16.966049382716,13.6166666666667,16.3382716049383,69.6466666666667,12.7416666666667,8.66666666666667,11.7472222222222,48.59,"forest","urban"
"Open_SMO9",2024-04-17,20.1416666666667,16.45,19.8388888888889,88.495,20.3333333333333,16.7777777777778,20.1111111111111,93.2,17.1475308641975,13.6364197530864,16.4802469135802,68.3622222222222,12.4888888888889,8.55,11.4777777777778,48.825,"open","urban"
"Overlook_SMO6",2024-04-17,20.0861111111111,16.2777777777778,19.7527777777778,85.755,20.3888888888889,16.6111111111111,20.2777777777778,91.2,17.212962962963,13.5388888888889,16.4728395061728,67.0844444444444,12.9888888888889,8.88888888888889,11.9388888888889,45.79,"open","urban"
"Pool_SMP11",2024-04-17,19.4444444444444,16.7222222222222,19.2777777777778,92.585,19.7777777777778,16.8888888888889,19.5,95.3,16.5308641975309,13.8376543209877,16.1123456790123,74.9711111111111,11.6611111111111,8.56388888888889,11.05,54.73,"forest","urban"
"Classroom_SMC7",2024-04-18,19.6972222222222,15.95,19.2777777777778,98.2,20.6666666666667,16.3888888888889,20.3888888888889,98.5,16.6759259259259,14.6395061728395,16.558024691358,81.8177777777778,14.5,12.6666666666667,14.6111111111111,65.845,"forest","urban"
"Open_SMO9",2024-04-18,20.0361111111111,16.0611111111111,19.7027777777778,98.5,21.0555555555556,16.7222222222222,21,98.9,16.7938271604938,14.6888888888889,16.6679012345679,81.2177777777778,14.3333333333333,12.5,14.3277777777778,65.335,"open","urban"
"Overlook_SMO6",2024-04-18,19.8888888888889,15.6666666666667,19.3138888888889,98.21,20.0555555555556,16.2777777777778,19.7777777777778,98.5,16.7481481481481,14.4722222222222,16.5296296296296,79.7455555555556,14.5,12.6666666666667,14.7222222222222,62.645,"open","urban"
"Pool_SMP11",2024-04-18,19.8083333333333,16.1111111111111,19.45,100,20.2222222222222,16.3888888888889,19.8888888888889,100,16.566049382716,14.8049382716049,16.5703703703704,84.2111111111111,14.2777777777778,12.7166666666667,14.3472222222222,67.69,"forest","urban"
"Classroom_SMC7",2024-04-19,11.8083333333333,11.1111111111111,12,91.755,12.0555555555556,11.1666666666667,12.2222222222222,92.7,10.529012345679,9.46172839506173,10.5746913580247,87.6288888888889,9.05555555555555,8.11111111111111,9.05,83.2,"forest","urban"
"Open_SMO9",2024-04-19,11.9444444444444,11,12.0611111111111,91.3,12.1111111111111,11.1666666666667,12.2222222222222,92.5,10.6203703703704,9.50061728395062,10.6555555555556,87.0455555555556,9.13611111111111,8.11111111111111,9.13611111111111,82.3,"open","urban"
"Overlook_SMO6",2024-04-19,11.8888888888889,11,12,90.11,12.0555555555556,11.1111111111111,12.1111111111111,90.8,10.5783950617284,9.35987654320988,10.5561728395062,85.9322222222222,9.11111111111111,8,9.11111111111111,81.645,"open","urban"
"Pool_SMP11",2024-04-19,11.7777777777778,11.1666666666667,12,95.395,11.9444444444444,11.3888888888889,12.2222222222222,96.8,10.6191358024691,9.69135802469136,10.7185185185185,89.2055555555555,9.33333333333333,8.38888888888889,9.38888888888889,84.5,"forest","urban"
"Classroom_SMC7",2024-04-20,22,13.0611111111111,20.2222222222222,100,22.4444444444444,13.3888888888889,20.3888888888889,100,17.637037037037,11.0623456790123,16.3259259259259,50.4188888888889,11.7777777777778,8.43888888888889,12.2222222222222,20.225,"forest","urban"
"Open_SMO9",2024-04-20,22.5305555555556,13.2777777777778,20.5611111111111,100,22.8333333333333,13.6666666666667,20.7222222222222,100,17.9098765432099,11.1814814814815,16.6123456790123,49.5666666666667,11.8027777777778,8.26666666666667,12.2777777777778,20.6,"open","urban"
"Overlook_SMO6",2024-04-20,23.1972222222222,13.45,21.0611111111111,100,23.7222222222222,14.1666666666667,21.6111111111111,100,18.187037037037,11.3956790123457,16.9092592592593,49.77,11.8333333333333,8.48888888888889,12.2777777777778,20.68,"open","urban"
"Pool_SMP11",2024-04-20,22.475,13.1111111111111,20.5,100,22.6666666666667,13.3888888888889,20.7777777777778,100,17.3271604938272,11.1716049382716,16.0339506172839,52.84,11.7222222222222,8.55,12.2222222222222,22.59,"forest","urban"
"Classroom_SMC7",2024-04-21,11.8888888888889,5.61111111111111,10.1666666666667,47.5,12,5.77777777777778,10.3888888888889,50.5,9.83827160493827,4.29506172839506,8.48024691358025,39.0988888888889,6.93888888888889,2.61111111111111,6.11111111111111,34.89,"forest","urban"
"Open_SMO9",2024-04-21,12.3333333333333,5.95,10.6111111111111,48.77,12.6666666666667,6.16666666666667,10.7777777777778,52.7,9.96913580246914,4.41604938271605,8.59691358024691,39.3944444444444,6.525,2.27777777777778,5.72222222222222,34.18,"open","urban"
"Overlook_SMO6",2024-04-21,12.7527777777778,6.14166666666667,10.8888888888889,47.2,13.2777777777778,6.5,11.3888888888889,48.7,10.1697530864198,4.46728395061728,8.74444444444444,38.3266666666667,6.69166666666667,2.55,5.88888888888889,33.6,"open","urban"
"Pool_SMP11",2024-04-21,11.8638888888889,5.66666666666667,10.1666666666667,51.975,11.9444444444444,5.88888888888889,10.2777777777778,55.6,9.69444444444444,4.39876543209877,8.39938271604938,41.4177777777778,6.46944444444444,2.72222222222222,5.77777777777778,35.9,"forest","urban"
"Classroom_SMC7",2024-04-22,17.4555555555556,8.27777777777778,14.3888888888889,61.065,17.8888888888889,8.77777777777778,14.7777777777778,63.2,13.0802469135802,6.06666666666667,11.0493827160494,34.5922222222222,3.93333333333333,1.27777777777778,3.6,23.08,"forest","urban"
"Open_SMO9",2024-04-22,18.2638888888889,8.83888888888889,15.1222222222222,72.92,18.9444444444444,9.5,16.1111111111111,74.9,13.1956790123457,6.19135802469136,11.1364197530864,35.8388888888889,2.35277777777778,0.686111111111111,2.18611111111111,23.145,"open","urban"
"Overlook_SMO6",2024-04-22,19.4194444444444,9.27777777777778,16.6111111111111,62.81,19.9444444444444,9.5,17.3888888888889,66.8,14.0265432098765,6.51481481481481,11.862962962963,32.9233333333333,3.76111111111111,1.24722222222222,3.42777777777778,21.29,"open","urban"
"Pool_SMP11",2024-04-22,17.7527777777778,8.5,14.7222222222222,69.5,19,9,16,70.9,12.5703703703704,6.00493827160494,10.6845679012346,37.8855555555556,2.71111111111111,0.766666666666668,2.55,23.945,"forest","urban"
"Classroom_SMC7",2024-04-23,22.0305555555556,10.8388888888889,20.0611111111111,77.655,22.3888888888889,11.2777777777778,20.2777777777778,78.2,16.616049382716,8.97777777777778,14.8086419753086,38.6522222222222,4.90833333333333,3.32777777777778,4.74722222222222,20.125,"forest","urban"
"Open_SMO9",2024-04-23,21.8083333333333,11,20.1111111111111,84.255,22.7777777777778,12.1666666666667,20.5,85.8,16.4407407407407,8.92037037037037,14.6728395061728,39.8977777777778,4.13611111111111,3.11111111111111,4.05,19.135,"open","urban"
"Overlook_SMO6",2024-04-23,21.8083333333333,10.6416666666667,19.7777777777778,77.22,22.1666666666667,12.5,20.5,78.5,16.8450617283951,8.81975308641975,14.9191358024691,36.1122222222222,4.79722222222222,3.29722222222222,4.68611111111111,17.79,"open","urban"
"Pool_SMP11",2024-04-23,21.6416666666667,11.45,20,82,21.9444444444444,11.7777777777778,20.2777777777778,82.8,16.0833333333333,9.05,14.4333333333333,42.8944444444444,4.24166666666667,3.05,4.1,22.38,"forest","urban"
"Classroom_SMC7",2024-04-24,22.1166666666667,12.7777777777778,20.7222222222222,67.665,22.5555555555556,13.6111111111111,21.1111111111111,72.4,18.8845679012346,11.4469135802469,17.3444444444444,41.5866666666667,13.2666666666667,9.93888888888889,12.6,30.845,"forest","urban"
"Open_SMO9",2024-04-24,22.975,13.5611111111111,21.6111111111111,69.48,24.3333333333333,13.7777777777778,22.3888888888889,74.2,19.2808641975309,11.6746913580247,17.7839506172839,41.2833333333333,13.2444444444444,9.77777777777778,12.6138888888889,29.19,"open","urban"
"Overlook_SMO6",2024-04-24,24.4444444444444,13.5611111111111,22.3888888888889,67.66,24.8888888888889,14,22.7777777777778,72.5,19.7623456790123,11.7938271604938,18.1913580246914,39.7777777777778,13.2055555555556,9.93888888888889,12.4888888888889,27.145,"open","urban"
"Pool_SMP11",2024-04-24,21.6972222222222,12.8388888888889,20.5,77.61,22.1666666666667,13.1666666666667,20.8888888888889,78.4,18.4561728395062,11.5925925925926,17.0833333333333,45.6566666666667,12.025,9.77777777777778,11.7777777777778,32.98,"forest","urban"
"Classroom_SMC7",2024-04-25,14.4861111111111,9.14166666666667,13.0111111111111,67.62,15.7777777777778,9.88888888888889,13.8888888888889,69.7,12.0037037037037,7.66975308641975,10.8925925925926,55.2722222222222,8.94444444444444,5.68611111111111,8.32777777777778,46.59,"forest","urban"
"Open_SMO9",2024-04-25,14.8333333333333,9.5,13.2777777777778,70.31,16.8888888888889,10.3888888888889,14.8888888888889,72.6,12.2950617283951,7.88395061728395,11.1549382716049,55.3255555555556,8.93888888888889,5.88888888888889,8.38888888888889,44.19,"open","urban"
"Overlook_SMO6",2024-04-25,15.5916666666667,9.22777777777778,13.7527777777778,67.61,17,9.77777777777778,14.7777777777778,70.7,12.5740740740741,7.78641975308642,11.2882716049383,52.1933333333333,9.10555555555555,6,8.5,40.545,"open","urban"
"Pool_SMP11",2024-04-25,14.3888888888889,9.33888888888889,12.95,71.365,15.0555555555556,9.66666666666667,13.5,75.3,11.8506172839506,7.8716049382716,10.8740740740741,58.6222222222222,9.05555555555555,6.05,8.55,50.19,"forest","urban"
"Classroom_SMC7",2024-04-26,16.6722222222222,8.33888888888889,14,89.095,17.2777777777778,8.61111111111111,14.3888888888889,91.4,13.2623456790123,7.22962962962963,11.4962962962963,44.2344444444444,6.40833333333333,5.61111111111111,6.43888888888889,26.79,"forest","urban"
"Open_SMO9",2024-04-26,18.3333333333333,9.22777777777778,15.45,93.75,18.7222222222222,9.5,15.7777777777778,95.8,13.7543209876543,7.56851851851852,11.9240740740741,44.7144444444444,5.95833333333333,5.48888888888889,6.06388888888889,25.29,"open","urban"
"Overlook_SMO6",2024-04-26,17.5861111111111,8.33888888888889,14.6111111111111,89.27,18.2222222222222,8.88888888888889,15.2222222222222,91.9,13.7320987654321,7.17098765432099,11.7907407407407,40.8533333333333,6.33611111111111,5.23611111111111,6.325,22.9,"open","urban"
"Pool_SMP11",2024-04-26,17.4194444444444,8.77777777777778,14.7222222222222,93.54,18.1111111111111,9,15,94.7,13.0833333333333,7.40987654320988,11.4358024691358,47.7311111111111,5.71111111111111,5.21666666666667,5.79722222222222,27.145,"forest","urban"
"Classroom_SMC7",2024-04-27,13.1972222222222,11.2777777777778,13,89.465,13.3333333333333,11.5,13.2222222222222,90.9,11.5481481481481,9.13888888888889,11.1351851851852,73.6977777777778,10.2777777777778,6.93888888888889,9.61111111111111,56.845,"forest","urban"
"Open_SMO9",2024-04-27,13.3333333333333,11.5,13.1111111111111,88.465,13.4444444444444,11.7777777777778,13.3888888888889,91.5,11.741975308642,9.34691358024691,11.3407407407407,74.0722222222222,10.2222222222222,7.11111111111111,9.61111111111111,58,"open","urban"
"Overlook_SMO6",2024-04-27,13.4194444444444,11.2777777777778,13.1111111111111,87.065,13.5555555555556,11.3888888888889,13.2777777777778,88.2,11.7691358024691,9.12716049382716,11.2814814814815,71.5022222222222,10.4444444444444,6.93888888888889,9.66666666666667,55.36,"open","urban"
"Pool_SMP11",2024-04-27,12.6416666666667,11.7777777777778,12.7777777777778,95.1,12.8333333333333,12,13,95.6,11.3493827160494,9.63024691358025,11.1858024691358,80.9466666666667,10.0805555555556,7.38888888888889,9.61111111111111,63.89,"forest","urban"
"Classroom_SMC7",2024-04-28,28.7833333333333,19.2527777777778,28.2777777777778,91.705,29,19.5,28.6111111111111,94.3,22.4469135802469,16.6962962962963,22.1716049382716,60.3166666666667,12.1111111111111,11.3277777777778,12.3277777777778,39.5,"forest","urban"
"Open_SMO9",2024-04-28,29.5972222222222,19.3888888888889,29.0722222222222,92.31,29.9444444444444,19.6111111111111,29.7222222222222,94.5,22.9771604938272,16.7308641975309,22.6413580246914,57.8855555555556,12.1555555555556,11.4888888888889,12.4277777777778,37.49,"open","urban"
"Overlook_SMO6",2024-04-28,29.8888888888889,19.3888888888889,29.5111111111111,89.43,30.8888888888889,20,30.3888888888889,92.8,23.1771604938272,16.5604938271605,22.7246913580247,55.6011111111111,12.2722222222222,11.2777777777778,12.4388888888889,34.625,"open","urban"
"Pool_SMP11",2024-04-28,28.1666666666667,19.2222222222222,27.7777777777778,99,28.4444444444444,19.7222222222222,28.2777777777778,99.4,21.4537037037037,16.6444444444444,21.3438271604938,65.7877777777778,11.6055555555556,11.55,12.05,42.68,"forest","urban"
"Classroom_SMC7",2024-04-29,31.3638888888889,20.0611111111111,31,74.975,32,20.2777777777778,31.8888888888889,76.7,27.4037037037037,18.8845679012346,27.1191358024691,46.5044444444444,19.6916666666667,16.7777777777778,19.55,33.635,"forest","urban"
"Open_SMO9",2024-04-29,33.1722222222222,20.8888888888889,33.45,83.275,34.1111111111111,21.5,34.7222222222222,84.5,28.1574074074074,19.3240740740741,28.1364197530864,46.61,18.1555555555556,16.1611111111111,17.9888888888889,30.345,"open","urban"
"Overlook_SMO6",2024-04-29,33.8638888888889,20.5611111111111,33.7027777777778,80.43,35.1111111111111,21.2222222222222,35.3888888888889,81.2,28.4246913580247,19.0179012345679,28.1111111111111,43.8477777777778,18.7722222222222,16.55,18.6861111111111,28.545,"open","urban"
"Pool_SMP11",2024-04-29,30.5111111111111,20.8388888888889,31,88.2,30.9444444444444,21,31.5,89.9,26.2055555555556,19.0882716049383,26.2512345679012,54.2933333333333,17.6361111111111,16.3888888888889,17.7777777777778,36.445,"forest","urban"
"Classroom_SMC7",2024-04-30,30.2277777777778,19.8388888888889,29.95,79.985,30.9444444444444,20.2777777777778,31,82.3,25.358024691358,17.9351851851852,24.9753086419753,50.6822222222222,16.6111111111111,14.5,16.3888888888889,36.9,"forest","urban"
"Open_SMO9",2024-04-30,31.35,20.0111111111111,31.0611111111111,85.15,31.8333333333333,20.6111111111111,32.1111111111111,87.8,25.9117283950617,17.9098765432099,25.4518518518519,48.3044444444444,15.9277777777778,14.3277777777778,15.8972222222222,33.67,"open","urban"
"Overlook_SMO6",2024-04-30,31.475,19.7527777777778,31.2027777777778,81.965,31.9444444444444,20.3888888888889,31.7777777777778,84.4,26.0888888888889,17.8203703703704,25.541975308642,46.8688888888889,16.4222222222222,14.575,16.3472222222222,32.67,"open","urban"
"Pool_SMP11",2024-04-30,29.1972222222222,19.7527777777778,28.8888888888889,89.8,29.6666666666667,19.8888888888889,29.3888888888889,91.6,24.0833333333333,17.9666666666667,23.9043209876543,57.9322222222222,15.3333333333333,14.2777777777778,15.55,39.545,"forest","urban"
"Classroom_SMC7",2024-05-01,26.7777777777778,17.8138888888889,25.5,97.8,27.1666666666667,17.8888888888889,26,98.2,23.1981481481481,16.7413580246914,22.5833333333333,55.6277777777778,16.6666666666667,15.4888888888889,17.2777777777778,36.045,"forest","urban"
"Open_SMO9",2024-05-01,28.475,18.2527777777778,27.2777777777778,100,29.5555555555556,18.5,28.6111111111111,100,24.0469135802469,16.9351851851852,23.3487654320988,53.08,16.0194444444444,15.05,16.6611111111111,33.845,"open","urban"
"Overlook_SMO6",2024-05-01,29.1972222222222,18.3888888888889,27.95,97.92,29.7222222222222,18.7777777777778,28.6111111111111,98.7,24.3512345679012,16.9265432098765,23.5851851851852,51.1655555555556,16.7722222222222,15,17.3888888888889,30.9,"open","urban"
"Pool_SMP11",2024-05-01,26.5861111111111,18.3388888888889,25.6111111111111,100,26.7777777777778,18.7222222222222,25.7777777777778,100,22.4814814814815,16.9098765432099,22.0987654320988,60.8122222222222,16.025,15.125,16.7222222222222,39.845,"forest","urban"
"Classroom_SMC7",2024-05-02,31.2222222222222,19.7222222222222,30.7222222222222,95.455,31.6111111111111,19.7777777777778,31.3888888888889,96.3,26.3425925925926,18.1074074074074,25.9228395061728,48.83,14.6055555555556,14.2166666666667,15,32.99,"forest","urban"
"Open_SMO9",2024-05-02,32.3083333333333,20.1111111111111,31.8388888888889,99.91,33.6111111111111,20.7222222222222,33.6111111111111,100,27.2197530864198,18.3240740740741,26.8234567901235,47.0944444444444,14.1555555555556,14.125,14.6861111111111,29.835,"open","urban"
"Overlook_SMO6",2024-05-02,33.2527777777778,20.1722222222222,33.0611111111111,96.365,33.7777777777778,21.1111111111111,33.7777777777778,96.9,27.5808641975309,18.2913580246914,27.1191358024691,45.0422222222222,14.5694444444444,14.2166666666667,15.0388888888889,27.9,"open","urban"
"Pool_SMP11",2024-05-02,30.5,19.7222222222222,30.2222222222222,99.155,30.6666666666667,20,30.5,99.6,25.2166666666667,18.1364197530864,25.0098765432099,54.8322222222222,14.1361111111111,14,14.7222222222222,35.9,"forest","urban"
"Classroom_SMC7",2024-05-03,20.7888888888889,15.2277777777778,20.2027777777778,76.005,21.1111111111111,15.6111111111111,20.7777777777778,77.5,17.933950617284,13.6450617283951,17.05,63.0422222222222,13.7722222222222,11.3888888888889,13.3888888888889,54.845,"forest","urban"
"Open_SMO9",2024-05-03,22.2833333333333,15.95,21.8388888888889,77.03,23.1111111111111,16.3888888888889,22.6111111111111,78.3,18.5234567901235,13.9179012345679,17.7493827160494,61.5355555555556,13.6916666666667,11.4388888888889,13.3277777777778,51.345,"open","urban"
"Overlook_SMO6",2024-05-03,21.3083333333333,14.8388888888889,20.7527777777778,74.82,21.9444444444444,15.1111111111111,21.3888888888889,76.2,18.4314814814815,13.4185185185185,17.462962962963,58.2322222222222,13.7472222222222,11.2777777777778,13.3888888888889,48.29,"open","urban"
"Pool_SMP11",2024-05-03,20.7777777777778,15.6111111111111,20.2777777777778,76.465,21.1666666666667,15.7777777777778,20.8888888888889,78.2,18.1635802469136,14.158024691358,17.4191358024691,65.5455555555556,14.2361111111111,11.9388888888889,13.8777777777778,57.98,"forest","urban"
"Classroom_SMC7",2024-05-04,11.2222222222222,11.1666666666667,11.7222222222222,100,11.3888888888889,11.3888888888889,11.8888888888889,100,10.9493827160494,10.8555555555556,11.3679012345679,99.0844444444444,10.5555555555556,10.5,11,96.68,"forest","urban"
"Open_SMO9",2024-05-04,11.6416666666667,11.6111111111111,12.1111111111111,100,11.7777777777778,11.7777777777778,12.2222222222222,100,11.2037037037037,11.1283950617284,11.6203703703704,99.2455555555556,10.5555555555556,10.5,11,97.59,"open","urban"
"Overlook_SMO6",2024-05-04,11.3638888888889,11.2777777777778,11.7527777777778,100,11.5,11.5,12,100,11.0820987654321,10.9395061728395,11.479012345679,98.3644444444444,10.6111111111111,10.5,11.1111111111111,95.7,"open","urban"
"Pool_SMP11",2024-05-04,11.5,11.5,11.8888888888889,100,11.5555555555556,11.6111111111111,12,100,11.1666666666667,11.1586419753086,11.6246913580247,100,10.7777777777778,10.7777777777778,11.2472222222222,100,"forest","urban"
"Classroom_SMC7",2024-05-05,17.7777777777778,17.7777777777778,18.5,100,17.8888888888889,17.8888888888889,18.6111111111111,100,15.0376543209877,15.033950617284,15.6722222222222,100,11.8277777777778,11.8277777777778,12.2777777777778,100,"forest","urban"
"Open_SMO9",2024-05-05,18.4194444444444,18.45,19.2777777777778,100,18.5,18.5,19.2777777777778,100,15.4117283950617,15.4117283950617,16.0716049382716,100,11.8333333333333,11.7777777777778,12.2777777777778,100,"open","urban"
"Overlook_SMO6",2024-05-05,18.2527777777778,18.2527777777778,19,100,18.4444444444444,18.3888888888889,19.2777777777778,100,15.2407407407407,15.237037037037,15.8864197530864,99.9944444444444,11.8333333333333,11.7777777777778,12.2777777777778,100,"open","urban"
"Pool_SMP11",2024-05-05,17.3333333333333,17.2777777777778,18.1111111111111,100,17.3333333333333,17.3888888888889,18.1111111111111,100,14.858024691358,14.8537037037037,15.4962962962963,100,11.7472222222222,11.7166666666667,12.2472222222222,100,"forest","urban"
"Classroom_SMC7",2024-05-06,20.8333333333333,20.2222222222222,21.7222222222222,100,21.0555555555556,20.6111111111111,22,100,19.2827160493827,19.2018518518519,20.1641975308642,99.2288888888889,17.4444444444444,17.5,18.2222222222222,94.76,"forest","urban"
"Open_SMO9",2024-05-06,22.8333333333333,20.8888888888889,23.8388888888889,100,23.1111111111111,21.1111111111111,24.2222222222222,100,20.2253086419753,19.6432098765432,21.1166666666667,95.1444444444444,17.5555555555556,17.55,18.2777777777778,83.825,"open","urban"
"Overlook_SMO6",2024-05-06,22.0916666666667,20.6111111111111,23,100,22.9444444444444,20.8888888888889,23.8888888888889,100,19.9993827160494,19.5030864197531,20.8518518518519,95.7422222222222,17.5805555555556,17.55,18.2777777777778,87.36,"open","urban"
"Pool_SMP11",2024-05-06,19.975,20,20.8888888888889,100,20.1111111111111,20.1111111111111,21.1111111111111,100,18.9098765432099,18.9141975308642,19.7746913580247,100,17.025,17,17.7777777777778,100,"forest","urban"
"Classroom_SMC7",2024-05-07,24.425,21.3388888888889,25.2527777777778,100,25,21.6111111111111,25.8888888888889,100,21.3246913580247,20.0654320987654,22.2253086419753,90.1455555555556,18.1111111111111,18.1111111111111,18.8888888888889,73.845,"forest","urban"
"Open_SMO9",2024-05-07,25.9333333333333,21.5666666666667,27.1111111111111,100,27.2222222222222,22.1111111111111,28.3888888888889,100,22.1922596754057,20.210986267166,23.0549313358302,85.2595505617978,18.1555555555556,18.1555555555556,18.9333333333333,64.42,"open","urban"
"Overlook_SMO6",2024-05-07,25.8638888888889,21.3888888888889,26.6722222222222,100,27.3333333333333,21.5,28.6111111111111,100,22.1481481481481,20.0401234567901,22.9302469135802,84.35,18.1916666666667,18.2222222222222,18.9388888888889,62.78,"open","urban"
"Pool_SMP11",2024-05-07,23.7027777777778,21.5611111111111,24.7527777777778,100,24.2777777777778,21.7777777777778,25.3888888888889,100,20.7938271604938,20.058024691358,21.7746913580247,94.0366666666667,17.7472222222222,17.7472222222222,18.5,80.29,"forest","urban"
"Classroom_SMC7",2024-05-08,28.4194444444444,22.3388888888889,28.8888888888889,100,28.7222222222222,22.7222222222222,29.2777777777778,100,24.4098765432099,20.1333333333333,25.0228395061728,70.9944444444444,18.2222222222222,18.2222222222222,19,47.945,"forest","urban"
"Open_SMO9",2024-05-08,30.2277777777778,22.2777777777778,30.8388888888889,100,30.9444444444444,22.5,31.2777777777778,100,25.8401234567901,20.1722222222222,26.429012345679,63.8744444444444,18.1305555555556,18.1,18.8777777777778,39.435,"open","urban"
"Overlook_SMO6",2024-05-08,29.7027777777778,22.7222222222222,30.3138888888889,100,30.1111111111111,23,31,100,25.4938271604938,20.1962962962963,26.108024691358,65.5155555555556,18.3277777777778,18.3277777777778,19.2222222222222,41.09,"open","urban"
"Pool_SMP11",2024-05-08,26.8333333333333,22.3138888888889,27.6111111111111,100,27.2777777777778,22.5,27.8888888888889,100,23.0049382716049,20.2703703703704,23.8679012345679,80.2933333333333,17.6666666666667,17.7222222222222,18.3888888888889,55.645,"forest","urban"
"Classroom_SMC7",2024-05-09,20.1972222222222,16.2027777777778,19.5611111111111,83.61,20.5,16.7222222222222,20,88.4,18.6882716049383,14.9555555555556,18.0549382716049,68.3255555555556,17.1666666666667,13.7777777777778,16.7777777777778,55.38,"forest","urban"
"Open_SMO9",2024-05-09,21.7833333333333,17.2138888888889,21.5,84.8,22.8888888888889,17.7222222222222,22.7777777777778,85.2,19.3425925925926,15.5358024691358,18.958024691358,68.5022222222222,16.9694444444444,14,16.6111111111111,54.89,"open","urban"
"Overlook_SMO6",2024-05-09,21.1416666666667,16.6722222222222,20.8388888888889,82.555,22.3333333333333,17.1111111111111,22,86,19.2376543209877,15.191975308642,18.6938271604938,66.4444444444444,17.1916666666667,13.8277777777778,16.9388888888889,54.8,"open","urban"
"Pool_SMP11",2024-05-09,19.3388888888889,17.2222222222222,19.1722222222222,95.19,19.7777777777778,17.6111111111111,19.5,98.9,17.9283950617284,16.0271604938272,17.8623456790123,82.9822222222222,16.4694444444444,14.1666666666667,16.5,72.545,"forest","urban"
"Classroom_SMC7",2024-05-10,13.5,12.8388888888889,13.7777777777778,100,13.6666666666667,13,13.8888888888889,100,11.4432098765432,11.291975308642,11.8450617283951,98.5111111111111,10.1361111111111,10.1111111111111,10.5,93.1,"forest","urban"
"Open_SMO9",2024-05-10,13.4444444444444,13,13.7777777777778,100,13.6111111111111,13.1666666666667,14,100,11.7530864197531,11.6203703703704,12.1864197530864,98.6355555555556,10.1666666666667,10.1666666666667,10.5,95.445,"open","urban"
"Overlook_SMO6",2024-05-10,13.6111111111111,12.7777777777778,13.8388888888889,99.8,13.7777777777778,12.8888888888889,13.8888888888889,100,11.5808641975309,11.3154320987654,11.9351851851852,97.2544444444444,10.2777777777778,10.1361111111111,10.6111111111111,91.945,"open","urban"
"Pool_SMP11",2024-05-10,13.0861111111111,13.1111111111111,13.6722222222222,100,13.2222222222222,13.1666666666667,13.7777777777778,100,11.6259259259259,11.6197530864198,12.1024691358025,100,10.3027777777778,10.2777777777778,10.7777777777778,100,"forest","urban"
"Classroom_SMC7",2024-05-11,16.5861111111111,11.1666666666667,14.7777777777778,95.065,17,11.8888888888889,15.6111111111111,98.4,13.741975308642,10.1623456790123,12.8432098765432,66.3555555555556,8.90833333333333,8.43888888888889,9.075,47.905,"forest","urban"
"Open_SMO9",2024-05-11,18.3944444444444,11.7027777777778,16.2777777777778,97.195,20.0555555555556,13.1111111111111,18.5,98.4,14.6654320987654,10.4450617283951,13.5296296296296,62.3244444444444,8.87777777777778,8.48888888888889,9.125,42.345,"open","urban"
"Overlook_SMO6",2024-05-11,17.7222222222222,11.3888888888889,15.6111111111111,95.955,18.6111111111111,12,16.7222222222222,98.8,14.5462962962963,10.2783950617284,13.3691358024691,61.5777777777778,9.26666666666667,8.87777777777778,9.45277777777778,42.935,"open","urban"
"Pool_SMP11",2024-05-11,16.5861111111111,12.0611111111111,15.2027777777778,100,17,12.2777777777778,15.6111111111111,100,13.3320987654321,10.7722222222222,12.8234567901235,75.4355555555556,8.68611111111111,8.68611111111111,9.05,56.8,"forest","urban"
"Classroom_SMC7",2024-05-12,16.1166666666667,13.45,15.3138888888889,100,16.7777777777778,13.6666666666667,15.8888888888889,100,13.2055555555556,12.108024691358,13.2975308641975,89.2711111111111,9.5,9.5,9.77777777777778,67.46,"forest","urban"
"Open_SMO9",2024-05-12,18.3694444444444,14.5111111111111,17.1722222222222,100,20.0555555555556,15.5,19.1111111111111,100,14.3598765432099,12.4456790123457,14.1351851851852,82.57,9.38888888888889,9.38888888888889,9.71666666666667,53.915,"open","urban"
"Overlook_SMO6",2024-05-12,17.8138888888889,14.1666666666667,16.5,100,19.0555555555556,15,18.1111111111111,100,14.15,12.4487654320988,14.0055555555556,84.0811111111111,9.35833333333333,9.38888888888889,9.66666666666667,60.235,"open","urban"
"Pool_SMP11",2024-05-12,15.6111111111111,13.7777777777778,15.1722222222222,100,16.2222222222222,14.1111111111111,15.7222222222222,100,13.0425925925926,12.3740740740741,13.2981481481481,93.3355555555556,9.41388888888889,9.38888888888889,9.77777777777778,72.945,"forest","urban"
"Classroom_SMC7",2024-05-13,22.8638888888889,16,22,100,23,16.2777777777778,22.2222222222222,100,18.7259259259259,14.4679012345679,18.358024691358,67.0344444444444,12.2777777777778,12.2777777777778,12.8277777777778,40.37,"forest","urban"
"Open_SMO9",2024-05-13,24.7527777777778,16.1111111111111,23.1722222222222,100,25.1666666666667,17,23.6111111111111,100,19.6179012345679,14.4098765432099,18.9771604938272,61.3755555555556,12.4444444444444,12.3888888888889,12.9388888888889,33.79,"open","urban"
"Overlook_SMO6",2024-05-13,24.6166666666667,15.8388888888889,23,100,25.2222222222222,16.1111111111111,23.8888888888889,100,19.5364197530864,14.3098765432099,18.8987654320988,61.0744444444444,12.4694444444444,12.3888888888889,13,33.39,"open","urban"
"Pool_SMP11",2024-05-13,22.2777777777778,16.7527777777778,21.7527777777778,100,22.7777777777778,17,22,100,17.8358024691358,14.7185185185185,17.7043209876543,74.9188888888889,12.1666666666667,12.1666666666667,12.6111111111111,47.245,"forest","urban"
"Classroom_SMC7",2024-05-14,18.9194444444444,17.6111111111111,19,100,19.2222222222222,17.6111111111111,19.2777777777778,100,17.1506172839506,16.4654320987654,17.5771604938272,93.7777777777778,13.3583333333333,13.2777777777778,13.7777777777778,81.87,"forest","urban"
"Open_SMO9",2024-05-14,19.7777777777778,17.8388888888889,19.8888888888889,100,20.2222222222222,18.2222222222222,20.3888888888889,100,17.6148148148148,16.7006172839506,18.0172839506173,91.85,13.3527777777778,13.3277777777778,13.9388888888889,77,"open","urban"
"Overlook_SMO6",2024-05-14,19.5555555555556,17.6722222222222,19.6111111111111,100,19.8888888888889,17.7777777777778,19.8888888888889,100,17.5549382716049,16.5481481481481,17.9030864197531,91.0422222222222,13.4694444444444,13.2777777777778,13.9388888888889,76.845,"open","urban"
"Pool_SMP11",2024-05-14,18.2777777777778,17.7527777777778,18.7777777777778,100,18.5,17.8888888888889,18.8888888888889,100,16.729012345679,16.4537037037037,17.3061728395062,97.4322222222222,12.9138888888889,12.8888888888889,13.4388888888889,90.49,"forest","urban"
"Classroom_SMC7",2024-05-15,17.3638888888889,16.8888888888889,17.8888888888889,100,17.6111111111111,17.2222222222222,18.1111111111111,100,16.2703703703704,16.0969135802469,16.8777777777778,98.3088888888889,15.0555555555556,15.05,15.7222222222222,94.2,"forest","urban"
"Open_SMO9",2024-05-15,19.0611111111111,18.1722222222222,19.4611111111111,100,19.6111111111111,18.5,20,100,16.8901234567901,16.4925925925926,17.4246913580247,96.3577777777778,15,15,15.7222222222222,88.99,"open","urban"
"Overlook_SMO6",2024-05-15,18.45,17.5611111111111,18.825,100,19.2222222222222,18,19.6111111111111,100,16.7864197530864,16.3734567901235,17.3098765432099,96.2233333333333,15.1666666666667,15.1666666666667,15.7777777777778,88.86,"open","urban"
"Pool_SMP11",2024-05-15,16.975,17,17.7222222222222,100,17,17,17.7777777777778,100,16.0104938271605,16.016049382716,16.7123456790123,100,15,15,15.7222222222222,100,"forest","urban"
"Classroom_SMC7",2024-05-16,23.1972222222222,17.7777777777778,23,99.675,23.6111111111111,18.1111111111111,23.3888888888889,100,20.7432098765432,16.8172839506173,20.7882716049383,69.4677777777778,14.4277777777778,14.3166666666667,14.9777777777778,57.5,"forest","urban"
"Open_SMO9",2024-05-16,25.1722222222222,18.7222222222222,24.7222222222222,100,25.8888888888889,19.7222222222222,25.8888888888889,100,21.7938271604938,17.1197530864198,21.6691358024691,65.5066666666667,13.3472222222222,13.3166666666667,13.9277777777778,50.135,"open","urban"
"Overlook_SMO6",2024-05-16,24.4305555555556,18.3888888888889,24,100,24.8888888888889,19.2777777777778,24.7222222222222,100,21.6166666666667,17.1938271604938,21.5617283950617,66.7855555555556,14.2861111111111,14.2861111111111,14.8972222222222,53.49,"open","urban"
"Pool_SMP11",2024-05-16,22.6666666666667,18.6722222222222,22.8888888888889,100,22.8333333333333,18.8888888888889,23,100,19.9395061728395,17.1555555555556,20.2320987654321,77.7422222222222,13.4333333333333,13.4277777777778,13.9888888888889,62.225,"forest","urban"
"Classroom_SMC7",2024-05-17,18.7777777777778,16.0611111111111,18.3888888888889,89.555,18.8888888888889,16.3888888888889,18.6111111111111,90,17.8401234567901,15.7827160493827,17.6617283950617,81.5533333333333,16.7472222222222,15.55,16.8888888888889,75.1,"forest","urban"
"Open_SMO9",2024-05-17,19.9194444444444,16.7777777777778,19.7527777777778,90.1,20.2222222222222,17,20.1111111111111,92,18.5734567901235,16.1938271604938,18.4265432098765,79.0633333333333,16.7111111111111,15.6111111111111,17.05,70.745,"open","urban"
"Overlook_SMO6",2024-05-17,19.5,16.2777777777778,19.2222222222222,89.475,19.7777777777778,16.5,19.5,90.8,18.3993827160494,15.9246913580247,18.15,78.2666666666667,16.8777777777778,15.55,17.125,70.545,"open","urban"
"Pool_SMP11",2024-05-17,18.4444444444444,16.8888888888889,18.5,95.31,18.5555555555556,17,18.6111111111111,96.3,17.4845679012346,16.3339506172839,17.6549382716049,89.2833333333333,16.3027777777778,15.7777777777778,16.7777777777778,83.845,"forest","urban"
"Classroom_SMC7",2024-05-18,17.2222222222222,16.7777777777778,17.7222222222222,100,17.3333333333333,17,17.8888888888889,100,16.3487654320988,16.2222222222222,17.0006172839506,98.7777777777778,15.3888888888889,15.3888888888889,16,94.045,"forest","urban"
"Open_SMO9",2024-05-18,18.5555555555556,17.5611111111111,18.8888888888889,100,18.8333333333333,17.7777777777778,19.2222222222222,100,17.0530864197531,16.5314814814815,17.5308641975309,95.2466666666667,15.3583333333333,15.3277777777778,16,86.635,"open","urban"
"Overlook_SMO6",2024-05-18,18.2777777777778,16.9777777777778,18.3888888888889,100,18.5555555555556,17.2222222222222,18.6111111111111,100,16.7435897435897,16.1735042735043,17.1863247863248,94.7615384615385,15.3333333333333,15.3888888888889,16,84.92,"open","urban"
"Pool_SMP11",2024-05-18,16.8333333333333,16.7777777777778,17.6111111111111,100,16.9444444444444,17,17.7222222222222,100,16.0308641975309,16.0282186948854,16.7266313932981,100,15.3333333333333,15.2777777777778,16,100,"forest","urban"
"Classroom_SMC7",2024-05-19,21.3083333333333,19,21.8388888888889,100,21.5555555555556,19.2222222222222,22.2222222222222,100,19.012962962963,17.8641975308642,19.5432098765432,90.0711111111111,16.1666666666667,16.1111111111111,16.7777777777778,79.735,"forest","urban"
"Open_SMO9",2024-05-19,23.1666666666667,19.5611111111111,23.6111111111111,100,23.5,20,23.8888888888889,100,20.3246913580247,18.2783950617284,20.816049382716,83.2444444444444,16.1916666666667,16.1861111111111,16.8277777777778,69.4,"open","urban"
"Classroom_SMC7",2024-05-20,23.0555555555556,19.8888888888889,23.7222222222222,97.055,23.4444444444444,20.2222222222222,24.1111111111111,97.4,19.4246913580247,17.7407407407407,19.8716049382716,85.83,15.5,15.2166666666667,16,73.815,"forest","urban"
"Open_SMO9",2024-05-20,26.5361111111111,20.7527777777778,27.1027777777778,96.285,27.1111111111111,21.3888888888889,28.2222222222222,97.5,20.5864197530864,17.9814814814815,20.9604938271605,79.4066666666667,15.6361111111111,15.2777777777778,16.1111111111111,59.5,"open","urban"
"Classroom_SMC7",2024-05-21,26.7277777777778,21.2222222222222,27.3888888888889,100,27.1111111111111,22,27.8888888888889,100,23.3395061728395,19.4197530864198,23.8981481481481,71.7888888888889,15.2916666666667,15.3166666666667,15.9277777777778,53.815,"forest","urban"
"Open_SMO9",2024-05-21,28.8333333333333,21.8138888888889,29.8138888888889,100,29.3888888888889,22.2777777777778,30.7222222222222,100,24.4876543209877,19.4672839506173,25.0358024691358,65.7122222222222,14.9333333333333,14.9277777777778,15.6,45.49,"open","urban"
"Classroom_SMC7",2024-05-22,28.8944444444444,23.2777777777778,31.7527777777778,98.865,29.6111111111111,23.7222222222222,32.6111111111111,99.4,24.4271604938272,20.8950617283951,25.908024691358,74.85,15.9333333333333,15.8166666666667,16.55,62.12,"forest","urban"
"Open_SMO9",2024-05-22,31.7083333333333,23.8388888888889,35.375,100,32.6111111111111,24.2222222222222,36.7777777777778,100,25.7740740740741,21.0814814814815,27.4944444444444,68.6155555555556,15.7166666666667,15.6861111111111,16.3777777777778,51.19,"open","urban"
"Classroom_SMC7",2024-05-23,26.5861111111111,22.0611111111111,28.2222222222222,97.02,26.7777777777778,22.3888888888889,28.6111111111111,97.8,23.85,21.2351851851852,24.9697530864198,80.2955555555556,20.8861111111111,20.3972222222222,21.825,67.34,"forest","urban"
"Open_SMO9",2024-05-23,28.8638888888889,22.5,30.7222222222222,94.62,29.5555555555556,23.5,32,99.7,24.9833333333333,21.4160493827161,26.2074074074074,74.69,21.3583333333333,20.55,22.2777777777778,55.07,"open","urban"
"Classroom_SMC7",2024-05-24,27.6416666666667,19.5,27.4,91.855,28.2777777777778,19.8888888888889,28.1111111111111,94,24.8864197530864,18.787037037037,24.7432098765432,58.1433333333333,20.0805555555556,18.1111111111111,20.7472222222222,42.115,"forest","urban"
"Open_SMO9",2024-05-24,30.5916666666667,20.8388888888889,31.1027777777778,93.4,31.1111111111111,21.5,32,95.9,26.6543209876543,19.2833333333333,26.6111111111111,53.1844444444444,19.9333333333333,18.1111111111111,20.6,36.08,"open","urban"
"Classroom_SMC7",2024-05-25,28.8333333333333,21.8388888888889,29.6222222222222,95.31,29.0555555555556,22.1111111111111,30.1111111111111,95.9,25.7111111111111,20.0438271604938,26.1864197530864,62.1066666666667,18.7361111111111,18.2472222222222,19.3777777777778,42.735,"forest","urban"
"Open_SMO9",2024-05-25,31.0055555555556,22.5611111111111,32.0611111111111,98.62,31.6666666666667,23.2777777777778,33.3888888888889,99.2,27.0969135802469,20.1956790123457,27.6592592592593,56.4144444444444,18.3972222222222,18.1861111111111,19.1138888888889,39.09,"open","urban"
"Classroom_SMC7",2024-05-26,28.5555555555556,22.1111111111111,30.2222222222222,97.63,29,22.7222222222222,31.5,99.3,25.2932098765432,20.7907407407407,26.2413580246914,68.75,18.9944444444444,18.7222222222222,19.7222222222222,49.31,"forest","urban"
"Open_SMO9",2024-05-26,30.8333333333333,22.8388888888889,33.2222222222222,100,31.4444444444444,23.7222222222222,35,100,26.7154320987654,21.2024691358025,28.0216049382716,64.05,18.625,18.625,19.4888888888889,46.145,"open","urban"
"Classroom_SMC7",2024-05-27,24.95,22.8888888888889,26.7027777777778,100,25.1666666666667,23,27.1111111111111,100,22.7092592592593,21.2438271604938,23.9234567901235,88.3466666666667,18.9694444444444,18.7472222222222,19.7777777777778,81.79,"forest","urban"
"Open_SMO9",2024-05-27,25.7222222222222,22.8888888888889,27.8888888888889,100,26.1666666666667,23.2222222222222,28.6111111111111,100,23.2623456790123,21.2901234567901,24.5104938271605,84.6822222222222,18.9694444444444,18.7472222222222,19.7472222222222,76.245,"open","urban"
"Classroom_SMC7",2024-05-28,25.5861111111111,18.7777777777778,25.2222222222222,95.52,26.2222222222222,19,25.6111111111111,97.3,22.6783950617284,17.6679012345679,22.4987654320988,63.3866666666667,17.1361111111111,16.7222222222222,17.6611111111111,47.54,"forest","urban"
"Open_SMO9",2024-05-28,28.2777777777778,18.95,27.7027777777778,97.02,29.6666666666667,19.7777777777778,29,100,24.1993827160494,17.662962962963,23.7740740740741,55.6,16.7722222222222,16.3277777777778,17.3472222222222,38.08,"open","urban"
"Classroom_SMC7",2024-05-29,22.8333333333333,17.0611111111111,22.45,96.94,23.1111111111111,17.3888888888889,22.8888888888889,98.3,18.8092592592593,15.8469135802469,18.6623456790123,75.3011111111111,15.7777777777778,13.8277777777778,15.6611111111111,52.345,"forest","urban"
"Open_SMO9",2024-05-29,25.1222222222222,17.5111111111111,24.2027777777778,97.285,26.0555555555556,18.6111111111111,25.7222222222222,98.9,19.6043209876543,15.9876543209877,19.4012345679012,71.7966666666667,14.6805555555556,13.6361111111111,14.8777777777778,43.83,"open","urban"
"Classroom_SMC7",2024-05-30,22.3333333333333,14,21.2777777777778,88.425,22.7222222222222,14.5,21.6111111111111,93.3,19.2827160493827,13.1259259259259,18.2450617283951,51.8255555555556,14.1055555555556,12.1861111111111,14.2222222222222,36.825,"forest","urban"
"Open_SMO9",2024-05-30,24.8138888888889,14.95,23.2222222222222,91.085,25.6111111111111,16.1111111111111,24.2222222222222,97.5,20.3302469135802,13.4913580246914,19.2376543209877,49.1177777777778,13.8027777777778,11.7666666666667,13.9888888888889,34.29,"open","urban"
"Classroom_SMC7",2024-05-31,22.6416666666667,13.2277777777778,21.2222222222222,57.3,22.8888888888889,13.6111111111111,21.2777777777778,58.2,19.3932098765432,11.8283950617284,17.9222222222222,41.0788888888889,12.6555555555556,8.48888888888889,11.6,32,"forest","urban"
"Open_SMO9",2024-05-31,25.1166666666667,14.6666666666667,23.1722222222222,65.565,26.0555555555556,15.2777777777778,24.2222222222222,66.5,20.6086419753086,12.370987654321,19.0740740740741,39.1555555555556,11.7972222222222,8.63611111111111,11.1861111111111,28.8,"open","urban"
"Classroom_SMC7",2024-06-01,26.3888888888889,16.6111111111111,24.7527777777778,57.8,26.6666666666667,16.7777777777778,25,58.3,22.8740740740741,14.7216049382716,21.5481481481481,42.4655555555556,15.6861111111111,11.075,14.4388888888889,30.325,"forest","urban"
"Open_SMO9",2024-06-01,29.1833333333333,16.8888888888889,27.2138888888889,70.075,29.7222222222222,17.5,27.7777777777778,72.5,24.2388888888889,15.1407407407407,22.7950617283951,40.0055555555556,14.0527777777778,11.2361111111111,13.5027777777778,24.28,"open","urban"
"Overlook_SMO6",2024-06-01,29.5222222222222,16.7222222222222,27.6111111111111,45,29.8333333333333,17.1111111111111,28,52.1,26.56135986733,15.7835820895522,24.8880597014925,32.1970149253731,23.2722222222222,14.1111111111111,22.1166666666667,24.93,"open","urban"
"Pool_SMP11",2024-06-01,25.8111111111111,17.7777777777778,24.3888888888889,58,26,18.2777777777778,24.6111111111111,60.3,23.8683760683761,15.8581196581197,22.8478632478632,43.9230769230769,20.9444444444444,14.4111111111111,20.4666666666667,32.72,"forest","urban"
"Classroom_SMC7",2024-06-02,26.2638888888889,19.1722222222222,25.7527777777778,89.02,26.6666666666667,19.3888888888889,26.1111111111111,89.9,22.5913580246914,17.4450617283951,22.3654320987654,62.3811111111111,15.2805555555556,14.3361111111111,15.4472222222222,42.63,"forest","urban"
"Open_SMO9",2024-06-02,28.5861111111111,19.1111111111111,27.4611111111111,91.93,29.6111111111111,19.2777777777778,28.8888888888889,94.2,23.9185185185185,17.3913580246914,23.4561728395062,55.3088888888889,15.0833333333333,14.3166666666667,15.3972222222222,35.09,"open","urban"
"Overlook_SMO6",2024-06-02,28.8638888888889,19,27.8888888888889,88.7,29.0555555555556,19.1111111111111,28.3888888888889,91.2,23.9469135802469,17.4358024691358,23.487037037037,55.2177777777778,15.6277777777778,14.4416666666667,15.7138888888889,35.045,"open","urban"
"Pool_SMP11",2024-06-02,24.8638888888889,20.1111111111111,24.6722222222222,93.855,25.5555555555556,20.5,25,94.9,21.4660493827161,17.9240740740741,21.6358024691358,72.7522222222222,14.5888888888889,13.9527777777778,14.8861111111111,51.37,"forest","urban"
"Classroom_SMC7",2024-06-03,26.9194444444444,20.7027777777778,27.2527777777778,89.32,27.1111111111111,21,27.5,90.8,24.5197530864198,19.8574074074074,24.9679012345679,66.3588888888889,20.1361111111111,18.8888888888889,20.7472222222222,52.435,"forest","urban"
"Open_SMO9",2024-06-03,29.2527777777778,21.6722222222222,30.45,88.695,30.0555555555556,22.2777777777778,31.6111111111111,91.2,25.9074074074074,20.0635802469136,26.391975308642,60.3611111111111,20.1916666666667,18.8277777777778,20.7777777777778,46.545,"open","urban"
"Overlook_SMO6",2024-06-03,29.3194444444444,21.6111111111111,30.5111111111111,87.565,30.3333333333333,22.2777777777778,31.6111111111111,88.7,25.8728395061728,20.1086419753086,26.3753086419753,60.5833333333333,20.4583333333333,18.7777777777778,21.0638888888889,48.145,"open","urban"
"Pool_SMP11",2024-06-03,25.7833333333333,21.5611111111111,26.7138888888889,94.655,26.2222222222222,22,27.2222222222222,95.6,23.5839506172839,20.2956790123457,24.2537037037037,75.1133333333333,19.6611111111111,19,20.4388888888889,64.615,"forest","urban"
"Classroom_SMC7",2024-06-04,28.9444444444444,21.6722222222222,29.7222222222222,83.755,29.2777777777778,22.2222222222222,30.3888888888889,84.9,25.6462962962963,20.5654320987654,26.4222222222222,64.7733333333333,19.9333333333333,18.05,20.2361111111111,47.835,"forest","urban"
"Open_SMO9",2024-06-04,32.0611111111111,22.3888888888889,33.5,88.865,32.5555555555556,22.8888888888889,35.2222222222222,90.6,27.2,20.9333333333333,28.2524691358025,59.7377777777778,19.3166666666667,18.1,19.725,39.745,"open","urban"
"Overlook_SMO6",2024-06-04,31.425,22.0611111111111,32.5111111111111,81.355,32.2777777777778,22.3888888888889,33.3888888888889,85,27.2685185185185,20.629012345679,28.0777777777778,57.1755555555556,20.125,17.9277777777778,20.3777777777778,38.5,"open","urban"
"Pool_SMP11",2024-06-04,27.9444444444444,22.2222222222222,29,92.63,28.1111111111111,22.3888888888889,29.3888888888889,93.5,24.7938271604938,20.9012345679012,25.8314814814815,72.2155555555556,18.7416666666667,17.8277777777778,19.125,55.09,"forest","urban"
"Classroom_SMC7",2024-06-05,24.6972222222222,23.1111111111111,26.3388888888889,100,25.3888888888889,23.8888888888889,28.1111111111111,100,22.8623456790123,22.187037037037,24.3654320987654,94.4577777777778,21.5805555555556,21,22.6611111111111,87.87,"forest","urban"
"Open_SMO9",2024-06-05,25.4194444444444,23.3388888888889,27.6722222222222,100,27.7777777777778,24.7777777777778,31.8888888888889,100,23.4123456790123,22.3617283950617,25.0253086419753,91.7355555555555,21.7416666666667,21.2222222222222,22.8472222222222,82.145,"open","urban"
"Overlook_SMO6",2024-06-05,25.1416666666667,23,27,100,27.1111111111111,24,30.5,100,23.2611111111111,22.1697530864198,24.7691358024691,91.3377777777778,21.8583333333333,21.1111111111111,22.8888888888889,82.39,"open","urban"
"Pool_SMP11",2024-06-05,23.975,23.1722222222222,25.9,100,24.6666666666667,23.7222222222222,26.7222222222222,100,22.5444444444444,22.158024691358,24.0345679012346,96.7722222222222,21.2166666666667,21,22.2222222222222,93.09,"forest","urban"
"Classroom_SMC7",2024-06-06,27.5055555555556,24.3388888888889,31.0611111111111,100,27.8888888888889,24.7222222222222,31.5,100,24.5586419753086,23.041975308642,26.7024691358025,88.6055555555556,21.8027777777778,21.7472222222222,23.05,74.86,"forest","urban"
"Open_SMO9",2024-06-06,29.8083333333333,24.1111111111111,33.5111111111111,98.895,30.2777777777778,24.7222222222222,34.1111111111111,100,26.2197530864198,22.8734567901235,28.4543209876543,76.6155555555556,22.4138888888889,21.9388888888889,23.9388888888889,60.68,"open","urban"
"Overlook_SMO6",2024-06-06,29.1111111111111,24.2777777777778,32.8888888888889,100,30.0555555555556,24.7222222222222,34.5,100,25.8734567901235,22.9228395061728,28.129012345679,79.1111111111111,22.0555555555556,21.8277777777778,23.3888888888889,62.38,"open","urban"
"Pool_SMP11",2024-06-06,26.3888888888889,24.45,30.0111111111111,100,26.8333333333333,24.8888888888889,30.7222222222222,100,23.5586419753086,22.9567901234568,25.5314814814815,95.27,21.2166666666667,21.2472222222222,22.2472222222222,85.535,"forest","urban"
"Classroom_SMC7",2024-06-07,27.5861111111111,19.3888888888889,26.2777777777778,86.195,27.7777777777778,19.6111111111111,26.7222222222222,87.4,25.0037037037037,17.5388888888889,24.3006172839506,50.2155555555556,20.1055555555556,14.8888888888889,20.5,34.445,"forest","urban"
"Open_SMO9",2024-06-07,29.9194444444444,19.2777777777778,28.6722222222222,83.88,30.6666666666667,19.7777777777778,29.8888888888889,88.2,26.2635802469136,17.5808641975309,25.4166666666667,45.0411111111111,19.525,14.6361111111111,19.8277777777778,29.79,"open","urban"
"Overlook_SMO6",2024-06-07,29.475,19.7222222222222,28.7222222222222,83.295,29.7777777777778,20.6111111111111,29.6111111111111,86.1,25.95,17.9722222222222,25.3555555555556,48.3011111111111,19.9444444444444,15.125,20.2777777777778,32.49,"open","urban"
"Pool_SMP11",2024-06-07,26.7277777777778,19.95,26,92.655,27.0555555555556,20.2777777777778,26.5,93.6,23.7672839506173,18.1246913580247,23.5512345679012,60.3577777777778,19.1666666666667,15,19.6611111111111,40.9,"forest","urban"
"Classroom_SMC7",2024-06-08,26.5555555555556,17.8888888888889,25.6111111111111,66.375,26.7222222222222,18.1111111111111,25.7777777777778,71.5,23.5179012345679,16.3475308641975,22.6938271604938,49.1711111111111,17.6444444444444,13.8888888888889,16.6861111111111,40.39,"forest","urban"
"Open_SMO9",2024-06-08,28.8333333333333,17.7527777777778,27.5611111111111,64.485,29.2777777777778,18.3888888888889,28.2222222222222,68.8,24.6537037037037,16.3283950617284,23.5746913580247,44.14,17.6805555555556,13.6361111111111,16.625,33.09,"open","urban"
"Overlook_SMO6",2024-06-08,29.7277777777778,18.875,29.0722222222222,68.365,30.0555555555556,19.2777777777778,29.6111111111111,69.7,24.7339506172839,16.7296296296296,23.8382716049383,46.1166666666667,17.3722222222222,13.8888888888889,16.6,35.045,"open","urban"
"Pool_SMP11",2024-06-08,26.1111111111111,18.3388888888889,25.5,74.71,26.3888888888889,18.8888888888889,25.7222222222222,76.7,22.6358024691358,16.6611111111111,22.1141975308642,56.1366666666667,16.4333333333333,13.6861111111111,15.8777777777778,44.09,"forest","urban"
"Classroom_SMC7",2024-06-09,25.8638888888889,19.0611111111111,25.2777777777778,64.555,26.0555555555556,19.3888888888889,25.5,65.9,23.9296296296296,17.0765432098765,23.3179012345679,51.4866666666667,20.5555555555556,15.5,20.2777777777778,38.025,"forest","urban"
"Open_SMO9",2024-06-09,28.0361111111111,19.3888888888889,27.4611111111111,55.51,28.6666666666667,19.8888888888889,28.3888888888889,59.3,25.012962962963,17.0462962962963,24.2882716049383,45.7788888888889,21.4444444444444,14.8888888888889,21.1611111111111,35.58,"open","urban"
"Overlook_SMO6",2024-06-09,28.6416666666667,19.8888888888889,28.5611111111111,58.21,29.1666666666667,20.6111111111111,29.1111111111111,59.8,25.0123456790123,17.3351851851852,24.4530864197531,47.6466666666667,21.2222222222222,14.9888888888889,20.8888888888889,34.205,"open","urban"
"Pool_SMP11",2024-06-09,25.6972222222222,19.7222222222222,25.3388888888889,77.015,25.8333333333333,20,26,78.2,23.1197530864198,17.5432098765432,22.8253086419753,59.2666666666667,19.2777777777778,15.1666666666667,18.9388888888889,43.545,"forest","urban"
"Classroom_SMC7",2024-06-10,24.8888888888889,16.8888888888889,23.8388888888889,60.83,25.2222222222222,17.3888888888889,24.3888888888889,65.6,22.3808641975309,15.7956790123457,21.6302469135802,51.3066666666667,18.1361111111111,13.6361111111111,16.8277777777778,43.145,"forest","urban"
"Open_SMO9",2024-06-10,27.3694444444444,17.7777777777778,26.325,65.61,28.3333333333333,18.2777777777778,27.5,67.8,23.4537037037037,16.0148148148148,22.5549382716049,47.7177777777778,17.025,13.3777777777778,16.1611111111111,37.445,"open","urban"
"Overlook_SMO6",2024-06-10,28.5972222222222,18.6722222222222,27.9,65.1,29.2777777777778,19.1111111111111,28.7777777777778,66.8,23.95,16.4895061728395,23.1524691358025,48.1933333333333,17.4388888888889,13.575,16.4388888888889,37.89,"open","urban"
"Pool_SMP11",2024-06-10,24.9194444444444,18,24.1722222222222,72.31,26,18.5,25.7222222222222,73.2,21.9444444444444,16.3333333333333,21.4611111111111,57.59,16.8027777777778,13.55,16,48.29,"forest","urban"
"Classroom_SMC7",2024-06-11,21,15.5111111111111,20.5611111111111,70.7,21.6111111111111,15.7777777777778,21.3888888888889,71.6,19.5358024691358,14.6617283950617,18.8253086419753,60.0888888888889,16.9138888888889,13.6361111111111,16.2222222222222,52.98,"forest","urban"
"Open_SMO9",2024-06-11,23.1972222222222,15.8388888888889,22.3888888888889,69.81,23.8888888888889,16.3888888888889,23,72.1,20.4672839506173,14.8092592592593,19.7425925925926,55.67,16.8027777777778,13.5,16,43.315,"open","urban"
"Overlook_SMO6",2024-06-11,24.5305555555556,16.8888888888889,23.6222222222222,70.81,25.1666666666667,17.2222222222222,24.2222222222222,72,21.1092592592593,15.3333333333333,20.379012345679,55.7455555555556,17.075,13.8888888888889,16.3277777777778,43.935,"open","urban"
"Pool_SMP11",2024-06-11,21,15.7277777777778,20.6722222222222,73.6,21.2222222222222,16,21,75.3,19.412962962963,15.0148148148148,18.8351851851852,63.6088888888889,16.8333333333333,13.8277777777778,16.2472222222222,55.6,"forest","urban"
"Classroom_SMC7",2024-06-12,25.0861111111111,17.7222222222222,24.1722222222222,82.52,25.4444444444444,18,24.5,84.7,21.9740740740741,16.2555555555556,21.4413580246914,57.3944444444444,15.5138888888889,13.6861111111111,15.3777777777778,44.935,"forest","urban"
"Open_SMO9",2024-06-12,27.1416666666667,17.7222222222222,25.95,88.25,27.6666666666667,18,26.5,90,23.3685185185185,16.3753086419753,22.6043209876543,51.5588888888889,14.6555555555556,13.4888888888889,14.7472222222222,37.845,"open","urban"
"Overlook_SMO6",2024-06-12,27.7277777777778,18.5111111111111,26.95,85.12,28.2777777777778,19.1111111111111,27.6111111111111,88,23.6234567901235,16.6055555555556,22.8827160493827,51.26,15.2055555555556,13.7166666666667,15.125,38.945,"open","urban"
"Pool_SMP11",2024-06-12,24.1777777777778,18.2222222222222,23.8388888888889,91.51,24.5555555555556,19,24.1111111111111,92.4,21.1327160493827,16.5376543209877,20.9456790123457,64.7522222222222,14.2666666666667,13.4277777777778,14.5388888888889,51.625,"forest","urban"
"Classroom_SMC7",2024-06-13,29.0555555555556,23.2222222222222,31.7222222222222,95.41,29.3333333333333,23.2777777777778,32,96.3,25.3765432098765,21.4012345679012,26.991975308642,72.0311111111111,17.6805555555556,17.2972222222222,18.2361111111111,59.05,"forest","urban"
"Open_SMO9",2024-06-13,31.4055555555556,23.5611111111111,34.5527777777778,97.92,32.3888888888889,23.7777777777778,36.1111111111111,98.9,26.6444444444444,21.4462962962963,28.3407407407407,65.6533333333333,17.5083333333333,17.2972222222222,18.175,48.67,"open","urban"
"Overlook_SMO6",2024-06-13,31.1166666666667,23.0611111111111,33.7527777777778,95.385,31.7777777777778,24.1111111111111,35.7777777777778,96.5,26.7104938271605,21.2876543209877,28.241975308642,64.06,17.9833333333333,17.4277777777778,18.4888888888889,47.96,"open","urban"
"Pool_SMP11",2024-06-13,28.1416666666667,23.5611111111111,30.7527777777778,98.8,28.6111111111111,24.1111111111111,32.1111111111111,99.2,24.4024691358025,21.5154320987654,26.0598765432099,78.93,17.2166666666667,17.1611111111111,17.8277777777778,64.21,"forest","urban"
"Classroom_SMC7",2024-06-14,29.5861111111111,22.3888888888889,30.7777777777778,98.955,29.9444444444444,22.8888888888889,31.6111111111111,99.6,26.3685185185185,21.1641975308642,27.4691358024691,65.5366666666667,19.9083333333333,19.7972222222222,20.7972222222222,46.48,"forest","urban"
"Open_SMO9",2024-06-14,33.0861111111111,22.6111111111111,34.5,100,33.9444444444444,22.7777777777778,35,100,27.9283950617284,21.2395061728395,29.0820987654321,58.8577777777778,19.6611111111111,19.6611111111111,20.6611111111111,35.47,"open","urban"
"Overlook_SMO6",2024-06-14,32.7083333333333,22.8888888888889,35.1222222222222,99.775,33.8333333333333,23.6111111111111,36,100,28.0413580246914,21.4,29.3388888888889,58.7966666666667,20.0138888888889,19.8277777777778,20.9277777777778,37.47,"open","urban"
"Pool_SMP11",2024-06-14,28.6416666666667,22.6111111111111,30.2027777777778,100,29.3333333333333,22.8888888888889,31.3888888888889,100,25.2302469135802,21.5679012345679,26.6123456790123,74.4466666666667,19.4944444444444,19.4388888888889,20.4388888888889,54.12,"forest","urban"
"Classroom_SMC7",2024-06-15,26.6777777777778,18.2222222222222,25.5666666666667,95.86,27,18.3888888888889,25.7777777777778,98,23.8533083645443,17.2983770287141,23.2952559300874,54.8123595505618,18.5444444444444,15.9333333333333,19.1777777777778,38.14,"forest","urban"
"Open_SMO9",2024-06-15,29.4444444444444,18.7222222222222,28.4,99.22,29.7777777777778,19.7222222222222,29.6111111111111,100,25.0407407407407,17.5808641975309,24.4086419753086,51.1511111111111,18.075,15.3888888888889,18.7472222222222,33.39,"open","urban"
"Overlook_SMO6",2024-06-15,30.425,19.5,30.1222222222222,99.865,30.8333333333333,20,30.5,100,25.5395061728395,17.9746913580247,25.0450617283951,51.0666666666667,18.2166666666667,15.3777777777778,19.0388888888889,33.935,"open","urban"
"Pool_SMP11",2024-06-15,26.45,18.5611111111111,25.7222222222222,100,26.6111111111111,18.7777777777778,25.8888888888889,100,23.2246913580247,17.7191358024691,22.962962962963,61.0422222222222,17.9444444444444,15.9388888888889,18.7222222222222,43.215,"forest","urban"
"Classroom_SMC7",2024-06-16,27.2777777777778,18.95,26.7527777777778,75.305,27.5555555555556,19.1111111111111,27.2222222222222,77.9,24.187037037037,17.4617283950617,23.6753086419753,52.8488888888889,16.8777777777778,14.2777777777778,16.3777777777778,42.245,"forest","urban"
"Open_SMO9",2024-06-16,29.5666666666667,19.3888888888889,29.0611111111111,80.455,30.3888888888889,20.2777777777778,30.6111111111111,82.4,25.4759259259259,17.7802469135802,24.9179012345679,48.9333333333333,16.4583333333333,14.4277777777778,16.2861111111111,36.79,"open","urban"
"Overlook_SMO6",2024-06-16,29.8805555555556,19.8388888888889,29.5111111111111,71.765,30.8333333333333,20.3888888888889,31,76.9,25.7716049382716,17.6456790123457,25.1018518518519,46.4122222222222,17.2972222222222,14.1666666666667,16.6611111111111,35.6,"open","urban"
"Pool_SMP11",2024-06-16,26.8888888888889,19.3888888888889,26.7777777777778,82.42,27.1666666666667,20,27.2222222222222,83.4,23.241975308642,17.8475308641975,23.0901234567901,60.7144444444444,16.1916666666667,14.4388888888889,16.1611111111111,48.2,"forest","urban"
"Classroom_SMC7",2024-06-17,30.3388888888889,24,34,77.61,30.6666666666667,24.2777777777778,34.1111111111111,79.8,26.5456790123457,21.7055555555556,28.5006172839506,66.4122222222222,19.9944444444444,17.3277777777778,20.05,56.845,"forest","urban"
"Open_SMO9",2024-06-17,32.2055555555556,24.2777777777778,35.7222222222222,74.185,32.7222222222222,24.7222222222222,37.2222222222222,75.5,27.7896825396825,21.7466931216931,29.7982804232804,60.1428571428571,20.2861111111111,17.1277777777778,20.2472222222222,48.445,"open","urban"
"Overlook_SMO6",2024-06-17,31.9361111111111,24.1111111111111,35.6111111111111,72.8,33.0555555555556,24.3888888888889,37.2777777777778,73.4,27.5388888888889,21.4376543209877,29.2506172839506,59.5744444444444,20.5194444444444,17.1861111111111,20.55,47.545,"open","urban"
"Pool_SMP11",2024-06-17,29.4,24.45,33.3138888888889,86.375,29.6666666666667,24.8888888888889,34.1111111111111,87.7,25.6512345679012,21.9469135802469,27.7240740740741,73.3633333333333,18.9944444444444,17.2777777777778,19,62.5,"forest","urban"
"Classroom_SMC7",2024-06-18,30.5305555555556,24.2777777777778,34.3888888888889,84.605,30.6666666666667,25,35.7777777777778,87,27.3623456790123,22.3006172839506,29.6253086419753,65.8433333333333,21.4833333333333,19.6,22.175,55.145,"forest","urban"
"Open_SMO9",2024-06-18,32.7777777777778,24.7527777777778,37.4972222222222,82.05,33.5,25.2777777777778,39.7222222222222,84.7,28.7246913580247,22.3956790123457,31.1666666666667,59.4666666666667,21.8777777777778,19.6611111111111,22.5638888888889,49.945,"open","urban"
"Overlook_SMO6",2024-06-18,32.5861111111111,24.7222222222222,37.2027777777778,80.26,32.8333333333333,25.2222222222222,38.6111111111111,83.8,28.7469135802469,22.2827160493827,31.0549382716049,58.64,22.1555555555556,19.7222222222222,22.8777777777778,48.235,"open","urban"
"Pool_SMP11",2024-06-18,29.5,24.5611111111111,33.7777777777778,92.165,29.6666666666667,24.7222222222222,34.2222222222222,93,26.2746913580247,22.6382716049383,28.7413580246914,74.2555555555556,20.55,19.7472222222222,21.2472222222222,65.48,"forest","urban"
"Classroom_SMC7",2024-06-19,29.7527777777778,22.6722222222222,31.6722222222222,93.72,29.9444444444444,23.1111111111111,32.5,94.4,26.5481481481481,20.6111111111111,27.329012345679,61.0711111111111,20.4027777777778,18.2777777777778,21.175,37.335,"forest","urban"
"Open_SMO9",2024-06-19,32.3083333333333,23.1722222222222,34.9361111111111,96.33,32.9444444444444,24,36.1111111111111,97.5,28.0030864197531,20.7716049382716,28.9172839506173,55.18,20.1666666666667,18.2472222222222,21,32.58,"open","urban"
"Overlook_SMO6",2024-06-19,32.2777777777778,23.1722222222222,34.95,94.125,33.2222222222222,23.6111111111111,35.3888888888889,95.8,28.2635802469136,20.7012345679012,29.0956790123457,53.4611111111111,20.5583333333333,18.1611111111111,21.3972222222222,31.545,"open","urban"
"Pool_SMP11",2024-06-19,29.1111111111111,23,31,97.155,29.3333333333333,23.2777777777778,31.2222222222222,97.8,25.7012345679012,20.9993827160494,26.7956790123457,67.7866666666667,19.8277777777778,18.8472222222222,20.675,46.405,"forest","urban"
"Classroom_SMC7",2024-06-20,30.1111111111111,23.0611111111111,32.7527777777778,95.165,30.6666666666667,23.2222222222222,33.2777777777778,95.7,26.9993827160494,21.929012345679,28.7907407407407,66.2355555555555,19.8472222222222,19.3472222222222,20.6,53.635,"forest","urban"
"Open_SMO9",2024-06-20,32.2222222222222,23.2222222222222,34.95,96.855,33.5555555555556,23.7777777777778,36.8888888888889,97.5,28.2333333333333,21.8604938271605,29.9765432098765,59.8277777777778,19.7666666666667,19.3777777777778,20.5638888888889,43.79,"open","urban"
"Overlook_SMO6",2024-06-20,33.1416666666667,23.7222222222222,36.5722222222222,94.16,34.2222222222222,24.1111111111111,38.2222222222222,96,28.4864197530864,21.8666666666667,30.2685185185185,58.4588888888889,20.15,19.4888888888889,20.9277777777778,43.345,"open","urban"
"Pool_SMP11",2024-06-20,29.5861111111111,23.5,32.5611111111111,97.22,30.0555555555556,23.6111111111111,33.2222222222222,98.1,26.0679012345679,22.1314814814815,27.9672839506173,72.7444444444444,19.5194444444444,19.2472222222222,20.3472222222222,58.19,"forest","urban"
"Classroom_SMC7",2024-06-21,32.8333333333333,23.8888888888889,35.7777777777778,94.175,33.1111111111111,24.2222222222222,37.3888888888889,94.8,28.8043209876543,22.641975308642,31.320987654321,61.6066666666667,20.1305555555556,19.55,20.8777777777778,42.89,"forest","urban"
"Open_SMO9",2024-06-21,35.7583333333333,23.95,38.2222222222222,96.155,36.1666666666667,24.2222222222222,39.8888888888889,96.6,30.2512345679012,22.6882716049383,32.7777777777778,55.6988888888889,20.0388888888889,19.625,20.9277777777778,35.445,"open","urban"
"Overlook_SMO6",2024-06-21,36.7277777777778,24.2527777777778,40.5,93.375,37.3333333333333,24.8888888888889,41.8888888888889,94.7,30.6648148148148,22.7450617283951,33.2493827160494,54.0644444444444,20.4527777777778,19.7361111111111,21.1138888888889,34.18,"open","urban"
"Pool_SMP11",2024-06-21,32.0666666666667,24.2777777777778,35.6111111111111,96.81,32.6111111111111,24.7777777777778,36.5,97.9,27.808024691358,22.8179012345679,30.4611111111111,67.7733333333333,19.7472222222222,19.4388888888889,20.5,47.725,"forest","urban"
"Classroom_SMC7",2024-06-22,34.7833333333333,25.6111111111111,40.2222222222222,93.455,35.0555555555556,25.7777777777778,41.1111111111111,94.2,30.6537037037037,24.3333333333333,35.0197530864198,61.9777777777778,22.6555555555556,21.9388888888889,24.1,45.105,"forest","urban"
"Open_SMO9",2024-06-22,37.5305555555556,25.7027777777778,43.2777777777778,94.45,38.1666666666667,26.2222222222222,45.1111111111111,95.4,32.6944444444444,24.4067901234568,37.1518518518519,53.88,22.7416666666667,22.05,24.2361111111111,36.945,"open","urban"
"Overlook_SMO6",2024-06-22,38.1666666666667,26,44.2527777777778,92.54,38.5555555555556,26.3888888888889,45.3888888888889,93.8,32.7864197530864,24.4018518518519,37.237037037037,53.2522222222222,23.0388888888889,22.1861111111111,24.5027777777778,36.745,"open","urban"
"Pool_SMP11",2024-06-22,33.2833333333333,25.7777777777778,39.3388888888889,96.755,33.8333333333333,26.1111111111111,39.7777777777778,97.3,29.3672839506173,24.5734567901235,33.9808641975309,69.6744444444444,22.1916666666667,21.8277777777778,23.4888888888889,52.445,"forest","urban"
"Classroom_SMC7",2024-06-23,33.1416666666667,24.95,38.45,78.765,33.5555555555556,25.3888888888889,39.5,80,30.1858024691358,23.9611111111111,34.0333333333333,60.9266666666667,25.3888888888889,22.7222222222222,27.2222222222222,50.2,"forest","urban"
"Open_SMO9",2024-06-23,35.2027777777778,24.7222222222222,39.9472222222222,73.74,36.0555555555556,25.1111111111111,41.3888888888889,75.1,31.7438271604938,23.7537037037037,35.3222222222222,52.9166666666667,26.2972222222222,22.6611111111111,28.3277777777778,41.735,"open","urban"
"Overlook_SMO6",2024-06-23,35.475,25.2222222222222,40.8861111111111,73.155,36.3333333333333,25.6111111111111,42.5,75.3,31.5685185185185,23.8685185185185,35.3240740740741,54.2077777777778,26.3583333333333,22.6611111111111,28.5,42.645,"open","urban"
"Pool_SMP11",2024-06-23,32.3083333333333,25.2777777777778,38.2527777777778,89.055,33.3888888888889,25.6111111111111,39.3888888888889,90.7,28.8777777777778,24.2512345679012,32.8703703703704,69.5622222222222,23.9138888888889,22.6,25.4888888888889,56.805,"forest","urban"
"Classroom_SMC7",2024-06-24,28.8888888888889,21.2527777777778,27.8888888888889,71.01,29.2222222222222,22,28.2777777777778,72.4,27.3691358024691,18.7197530864198,26.8259259259259,45.0033333333333,25.2722222222222,16.8277777777778,25.6611111111111,31.745,"forest","urban"
"Open_SMO9",2024-06-24,30.6472222222222,21,30.2527777777778,70.265,31.8888888888889,21.7777777777778,30.8888888888889,73.2,28.2512345679012,18.7993827160494,27.6641975308642,42.0555555555556,25.0555555555556,16.6111111111111,25.2777777777778,30.225,"open","urban"
"Overlook_SMO6",2024-06-24,32.5305555555556,21.2527777777778,31.8388888888889,72.52,32.7777777777778,21.8888888888889,32.5,75.6,29.0135802469136,19.337037037037,28.708024691358,42.0244444444444,25.025,16.7222222222222,25.3777777777778,28.05,"open","urban"
"Pool_SMP11",2024-06-24,28.8944444444444,21.5611111111111,28.1722222222222,79.01,29.2222222222222,22.1111111111111,28.6111111111111,80.3,26.8944444444444,19.116049382716,26.5901234567901,49.5755555555556,24.2777777777778,16.8888888888889,24.675,35.4,"forest","urban"
"Classroom_SMC7",2024-06-25,30.2527777777778,19.95,29.7222222222222,62.955,30.5555555555556,20.2222222222222,30.1111111111111,67,27.0611111111111,18.0641975308642,26.4006172839506,42.8966666666667,19.1111111111111,15.075,18.3277777777778,32.135,"forest","urban"
"Open_SMO9",2024-06-25,32.2527777777778,19.7777777777778,31.3388888888889,70,32.9444444444444,20,32.2777777777778,71.5,28.4345679012346,18.108024691358,27.5672839506173,38.5066666666667,18.4083333333333,14.9388888888889,17.6861111111111,26.545,"open","urban"
"Overlook_SMO6",2024-06-25,33.0055555555556,20,32.6027777777778,64.465,33.6111111111111,20.6111111111111,33.3888888888889,65.7,28.7981481481481,18.4222222222222,28.1240740740741,38.4122222222222,19.2111111111111,15.0638888888889,18.4888888888889,26.49,"open","urban"
"Pool_SMP11",2024-06-25,29.5861111111111,20.7527777777778,29.3388888888889,71.3,29.8888888888889,21.1111111111111,29.7777777777778,72.9,25.9314814814815,18.4956790123457,25.6438271604938,50.7855555555556,18.4138888888889,15.2361111111111,17.7472222222222,35.99,"forest","urban"
"Classroom_SMC7",2024-06-26,33.5555555555556,23.8888888888889,37.3388888888889,75.3,33.7777777777778,24.1111111111111,37.7222222222222,75.7,29.7783950617284,22.6666666666667,32.270987654321,56.0688888888889,23.5805555555556,20.3277777777778,24.3277777777778,44.39,"forest","urban"
"Open_SMO9",2024-06-26,35.3694444444444,23.7777777777778,39.1111111111111,71,36.1111111111111,24.2222222222222,40.2777777777778,71.4,31.3882716049383,22.5777777777778,33.7308641975309,48.8044444444444,24.1361111111111,20.3277777777778,24.7222222222222,36.945,"open","urban"
"Overlook_SMO6",2024-06-26,36.1222222222222,24.5,40.6527777777778,72.865,37.1111111111111,25,42.2777777777778,73.2,31.4549382716049,22.808024691358,34.1086419753086,49.7533333333333,23.9694444444444,20.3777777777778,24.6,37.115,"open","urban"
"Pool_SMP11",2024-06-26,32.475,24.2222222222222,36.5611111111111,83.9,32.8333333333333,24.3888888888889,37,84.7,28.433950617284,23.0166666666667,31.2574074074074,64.7177777777778,22.4083333333333,20.4277777777778,23.3777777777778,49.235,"forest","urban"
"Classroom_SMC7",2024-06-27,28.9444444444444,21.2777777777778,29.3444444444444,100,29.1111111111111,21.7777777777778,30,100,25.4631710362047,20.5343320848939,26.101747815231,67.2741573033708,20.5444444444444,19.7444444444444,21.6111111111111,45.62,"forest","urban"
"Open_SMO9",2024-06-27,31.7638888888889,21.6722222222222,32.2027777777778,100,33.3333333333333,22.2777777777778,35,100,27.1512345679012,20.5833333333333,27.8049382716049,59.0777777777778,20.4388888888889,19.5,21.4888888888889,37.09,"open","urban"
"Overlook_SMO6",2024-06-27,32.6777777777778,22.5,34.5111111111111,100,33.1666666666667,23.1111111111111,35.3888888888889,100,27.3765432098765,21.1037037037037,28.4271604938272,60.8255555555556,20.4083333333333,19.3472222222222,21.3277777777778,38.69,"open","urban"
"Pool_SMP11",2024-06-27,28.5111111111111,21.8444444444444,29.6111111111111,100,28.8333333333333,22.2222222222222,29.8888888888889,100,24.7902621722846,21.0099875156055,25.7559300873908,73.938202247191,20.3888888888889,20.0444444444444,21.2777777777778,52.6,"forest","urban"
"Classroom_SMC7",2024-06-28,26.1472222222222,19.1111111111111,25.6722222222222,59.66,26.4444444444444,19.7777777777778,26,63.8,23.7425925925926,16.8117283950617,23.0814814814815,50.1722222222222,19.6361111111111,14.1666666666667,18.6111111111111,43.89,"forest","urban"
"Open_SMO9",2024-06-28,28.5861111111111,19.2222222222222,27.7777777777778,59.675,29,19.5,28.7222222222222,64.2,24.9901234567901,17.1574074074074,24.2197530864198,46.6077777777778,19.1055555555556,14.2166666666667,18.05,37.49,"open","urban"
"Overlook_SMO6",2024-06-28,28.2222222222222,19.1111111111111,27.5,57.425,28.8333333333333,19.5,28.6111111111111,62.2,25.0858024691358,17.1024691358025,24.2901234567901,45.7666666666667,19.4138888888889,14.1666666666667,18.5,36.935,"open","urban"
"Pool_SMP11",2024-06-28,26.3944444444444,19.6111111111111,26.2527777777778,68.255,26.7222222222222,19.7222222222222,26.6111111111111,71.3,23.2092592592593,17.4641975308642,22.8351851851852,57.6011111111111,18.5,14.575,17.55,48.07,"forest","urban"
"Classroom_SMC7",2024-06-29,31.8388888888889,25.1722222222222,36.5111111111111,91.155,32.0555555555556,25.3888888888889,37,91.9,28.0203703703704,23.6308641975309,31.4604938271605,71.1277777777778,21.7416666666667,20.4888888888889,22.625,54.325,"forest","urban"
"Open_SMO9",2024-06-29,33.3194444444444,25.1111111111111,38.1527777777778,88.955,34.2777777777778,26,39.7777777777778,89.6,28.8666666666667,23.5598765432099,32.291975308642,66.3055555555556,22.0444444444444,20.6861111111111,22.9888888888889,47.69,"open","urban"
"Overlook_SMO6",2024-06-29,33.2527777777778,24.95,37.45,88.5,33.9444444444444,25.6111111111111,39.7222222222222,89.1,28.8333333333333,23.5086419753086,32.1858024691358,66.1677777777778,22.1055555555556,20.6,23.05,47.5,"open","urban"
"Pool_SMP11",2024-06-29,30.7277777777778,25.3888888888889,35.825,93.41,31.1111111111111,25.7777777777778,36.2777777777778,94.3,27.0364197530864,23.8296296296296,30.5604938271605,77.9577777777778,21.3277777777778,20.3777777777778,22.1611111111111,61.845,"forest","urban"
"Classroom_SMC7",2024-06-30,31.1166666666667,27.0611111111111,39,100,31.5,27.3888888888889,39.8888888888889,100,27.7117283950617,25.7154320987654,33.0216049382716,86.5366666666667,24.3027777777778,24.2777777777778,26.8277777777778,70.17,"forest","urban"
"Open_SMO9",2024-06-30,34.5555555555556,26.6111111111111,41.6111111111111,100,34.8333333333333,27.6111111111111,44.5,100,29.7265432098765,25.5327160493827,35.2148148148148,74.0611111111111,24.3027777777778,24.2777777777778,26.8277777777778,52.275,"open","urban"
"Overlook_SMO6",2024-06-30,34.2222222222222,27.4,43.5277777777778,100,34.8888888888889,27.7222222222222,44.8888888888889,100,29.2277777777778,25.7598765432099,35.008024691358,78.0533333333333,24.3333333333333,24.3888888888889,26.8888888888889,55.945,"open","urban"
"Pool_SMP11",2024-06-30,29.8388888888889,27.2777777777778,38.1111111111111,100,30.1111111111111,27.7777777777778,39.1111111111111,100,26.7172839506173,25.7320987654321,31.8333333333333,93.0166666666667,23.9444444444444,23.8888888888889,26.2777777777778,81.745,"forest","urban"
"Classroom_SMC7",2024-07-01,24.2527777777778,17.2222222222222,23.5,71.955,24.9444444444444,17.6111111111111,24.2222222222222,73.9,21.4555555555556,15.8327160493827,20.8277777777778,56.9433333333333,17.1361111111111,13.9888888888889,16.4388888888889,48.7,"forest","urban"
"Open_SMO9",2024-07-01,26.6722222222222,17.8388888888889,25.7777777777778,71.675,27.1111111111111,18.2222222222222,26.2777777777778,72.6,22.558024691358,15.9975308641975,21.7641975308642,52.2222222222222,16.7222222222222,13.6666666666667,16.05,41.49,"open","urban"
"Overlook_SMO6",2024-07-01,27.4805555555556,18.7222222222222,27.0111111111111,73.9,28.3888888888889,19.2777777777778,27.6111111111111,75,22.9135802469136,16.5462962962963,22.2820987654321,53.9811111111111,16.9944444444444,14.1361111111111,16.3888888888889,41.545,"open","urban"
"Pool_SMP11",2024-07-01,24.3638888888889,17.7527777777778,23.7777777777778,77.52,24.6111111111111,18.6111111111111,24.2222222222222,80.4,21.3092592592593,16.270987654321,20.8876543209877,60.9377777777778,16.9694444444444,14.2777777777778,16.55,51.4,"forest","urban"
"Classroom_SMC7",2024-07-02,27.2527777777778,18.5,26.2222222222222,80.455,27.3888888888889,19.1111111111111,26.5,81.6,24.3413580246914,17.4444444444444,23.7308641975309,52.5522222222222,17.3416666666667,15.225,17.125,38.145,"forest","urban"
"Open_SMO9",2024-07-02,30.1416666666667,19.2527777777778,29.3388888888889,82.985,30.7222222222222,20,30.1111111111111,84.8,25.8166666666667,17.9055555555556,25.2148148148148,48.7133333333333,16.8583333333333,15.1361111111111,16.7777777777778,32.115,"open","urban"
"Overlook_SMO6",2024-07-02,30.6416666666667,19.2777777777778,29.95,77.11,31,19.8888888888889,30.2777777777778,78.4,26.2641975308642,17.9185185185185,25.591975308642,46.4744444444444,17.5388888888889,15.075,17.175,32.09,"open","urban"
"Pool_SMP11",2024-07-02,27,19.3888888888889,26.5,86.955,27.0555555555556,19.6111111111111,27.1111111111111,87.8,23.6771604938272,17.9555555555556,23.4302469135802,59.5111111111111,16.6916666666667,15.1861111111111,16.7472222222222,42.26,"forest","urban"
"Classroom_SMC7",2024-07-03,29.1666666666667,21,29.7222222222222,89.555,29.5,21.3888888888889,30.2222222222222,90.3,25.770987654321,20.0382716049383,26.2382716049383,61.1577777777778,19.4083333333333,18.2972222222222,19.8472222222222,46.68,"forest","urban"
"Open_SMO9",2024-07-03,30.6166666666667,21.2222222222222,31.5111111111111,89.8,31.2222222222222,21.7777777777778,31.8888888888889,91.3,26.6697530864198,19.9166666666667,27.0358024691358,56.1844444444444,19.5555555555556,18.3888888888889,20.05,39.3,"open","urban"
"Overlook_SMO6",2024-07-03,30.6722222222222,21.2638888888889,31.7138888888889,87.02,31.6111111111111,22.1111111111111,33.3888888888889,88.1,26.7728395061728,19.8759259259259,27.0938271604938,55.3377777777778,19.8416666666667,18.3277777777778,20.225,39.7,"open","urban"
"Pool_SMP11",2024-07-03,28.1722222222222,21.7222222222222,29.2777777777778,94.01,28.4444444444444,22.2222222222222,30.1111111111111,94.4,24.9833333333333,20.387037037037,25.7141975308642,67.7611111111111,18.8027777777778,18.05,19.2972222222222,51.77,"forest","urban"
"Classroom_SMC7",2024-07-04,31,25.7777777777778,37.2527777777778,91.9,31.3333333333333,25.8888888888889,37.5,92.8,27.6592592592593,24.0265432098765,31.6876543209877,75.2144444444444,21.1055555555556,20.2777777777778,21.9388888888889,64.645,"forest","urban"
"Open_SMO9",2024-07-04,33.3083333333333,26.5111111111111,41.2027777777778,92.175,34.6666666666667,27.1111111111111,43.2222222222222,93,29.2456790123457,24.2358024691358,33.7907407407407,68.1033333333333,21.1,20.1861111111111,21.9277777777778,54.725,"open","urban"
"Overlook_SMO6",2024-07-04,33.6166666666667,26.1722222222222,41.1222222222222,90.865,34.4444444444444,26.5,41.6111111111111,91.7,29.4481481481481,24.1691358024691,33.8882716049383,66.6111111111111,21.3833333333333,20.3277777777778,22.2472222222222,52.66,"open","urban"
"Pool_SMP11",2024-07-04,29.9194444444444,26.1722222222222,36.6222222222222,95.455,30.1666666666667,26.3888888888889,37.2777777777778,96.1,26.8561728395062,24.1512345679012,30.9185185185185,80.9422222222222,20.55,20.05,21.3888888888889,70.1,"forest","urban"
"Classroom_SMC7",2024-07-05,33.6416666666667,27.45,42,97.83,34.1111111111111,27.7222222222222,42.3888888888889,98.4,30.0055555555556,26.1771604938272,36.7135802469136,75.42,24.6111111111111,24.2777777777778,27.1611111111111,56.33,"forest","urban"
"Open_SMO9",2024-07-05,35.7777777777778,27.6722222222222,45.0611111111111,96.1,36.8333333333333,28.1111111111111,45.6111111111111,98.3,31.3382716049383,26.1191358024691,38.1950617283951,68.4066666666667,24.8277777777778,24.3277777777778,27.5388888888889,45.325,"open","urban"
"Overlook_SMO6",2024-07-05,36.3388888888889,27.5611111111111,45.4,96.43,37.4444444444444,28.7222222222222,48.6111111111111,98.6,31.6530864197531,26.1351851851852,38.5549382716049,66.9222222222222,24.9138888888889,24.3888888888889,27.6,44.68,"open","urban"
"Pool_SMP11",2024-07-05,32.2527777777778,28.1111111111111,42.2527777777778,99.565,32.3888888888889,28.5,44,100,29.0722222222222,26.3216049382716,35.8518518518518,81.57,24.2222222222222,24.1111111111111,26.6611111111111,66.425,"forest","urban"
"Classroom_SMC7",2024-07-06,33.5,25.6111111111111,39.0722222222222,85.865,33.7222222222222,25.8888888888889,39.5,86.3,31.0518518518519,24.9018518518519,36.0808641975309,61.97,26.0444444444444,24.1611111111111,29.2861111111111,49.5,"forest","urban"
"Open_SMO9",2024-07-06,36.2777777777778,25.5611111111111,41.95,80.31,36.7777777777778,26,43.2777777777778,84.3,32.5932098765432,24.8666666666667,37.6481481481481,55.3233333333333,26.6361111111111,23.9388888888889,29.9888888888889,41.245,"open","urban"
"Overlook_SMO6",2024-07-06,37.1972222222222,26.2527777777778,44.1722222222222,83.765,37.7222222222222,26.7222222222222,45.1111111111111,85.6,33.0351851851852,25.1722222222222,38.516049382716,55.0611111111111,26.1916666666667,23.8888888888889,29.2472222222222,40.48,"open","urban"
"Pool_SMP11",2024-07-06,32.6111111111111,25.95,38.7222222222222,91.23,32.8888888888889,26.1111111111111,39.2222222222222,92.3,29.962962962963,25.1444444444444,35.1228395061728,69.0877777777778,25.3277777777778,24.1611111111111,27.9888888888889,54.39,"forest","urban"
"Classroom_SMC7",2024-07-07,31.8638888888889,22.95,34.2222222222222,88.7,31.9444444444444,23.2222222222222,34.3888888888889,89.7,28.4851851851852,22.1351851851852,30.2654320987654,59.6788888888889,22.6611111111111,21.2472222222222,23.8277777777778,45.045,"forest","urban"
"Open_SMO9",2024-07-07,34.8138888888889,23.7777777777778,37.8861111111111,88.01,35.6111111111111,24.3888888888889,39,88.6,30.2475308641975,22.5024691358025,32.4444444444444,54.0644444444444,22.8583333333333,21.1111111111111,24.05,37.4,"open","urban"
"Overlook_SMO6",2024-07-07,35.475,24.5111111111111,39.725,84.26,35.8333333333333,24.7222222222222,40.7777777777778,88.4,30.6413580246914,22.7432098765432,33.112962962963,53.2333333333333,23.5805555555556,21.2472222222222,24.7222222222222,38.38,"open","urban"
"Pool_SMP11",2024-07-07,30.8083333333333,24.1722222222222,34.2777777777778,94.655,31.2777777777778,24.7222222222222,35.3888888888889,96.6,27.3561728395062,22.8018518518519,29.720987654321,69.7311111111111,21.9694444444444,21.2222222222222,23,52.47,"forest","urban"
"Classroom_SMC7",2024-07-08,24.2222222222222,21.2777777777778,25.2222222222222,81.38,24.2222222222222,21.2777777777778,25.2222222222222,81.6,23.712962962963,21.0324074074074,24.6759259259259,79.1083333333333,23.3083333333333,20.7777777777778,24.2527777777778,77.11,"forest","urban"
"Open_SMO9",2024-07-08,24.5638888888889,21.6611111111111,25.4277777777778,83.375,24.7777777777778,21.7222222222222,25.6111111111111,84.2,23.6435185185185,21.1481481481481,24.6527777777778,80.55,22.9194444444444,20.7527777777778,23.95,76.295,"open","urban"
"Overlook_SMO6",2024-07-08,24.8166666666667,21.2472222222222,25.5638888888889,78.06,25,21.2777777777778,25.7777777777778,78.5,24.1296296296296,20.9351851851852,24.9166666666667,75.55,23.5916666666667,20.7027777777778,24.45,72.575,"open","urban"
"Pool_SMP11",2024-07-08,23.3333333333333,21.7472222222222,24.7222222222222,86.815,23.3333333333333,21.7777777777778,24.7222222222222,87.2,22.9675925925926,21.125,24.1111111111111,85.0416666666667,22.7222222222222,20.7222222222222,23.7777777777778,83.81,"forest","urban"
